duration,imdb_score,budget
101,3.3,1500000
104,7.3,1.50E+07
111,7.5,1.20E+07
97,7.2,1.60E+07
100,4.8,8.50E+07
107,6.4,8.00E+06
85,7.2,6.00E+06
96,8.9,350000
108,5.6,2.20E+07
114,6.8,2.50E+07
120,6.1,4.20E+07
89,6.3,1.00E+06
102,6.4,2.00E+07
168,7.6,4.00E+06
142,5.9,3.50E+07
107,5.9,7.60E+07
109,6.7,6.10E+07
96,4.8,3500000
87,5.3,60000
91,7.4,1.00E+06
127,7.2,5.00E+06
101,5.9,6.00E+06
161,8.3,1.20E+07
158,5.8,2.00E+08
87,5.1,2500000
129,7.5,1.20E+07
123,6.8,3.50E+07
93,5.9,1.30E+07
124,7.7,2.00E+07
109,7.2,4.20E+07
112,7.1,5.00E+07
96,7.1,NA
108,7.7,1.50E+07
111,6.1,3.00E+07
103,6,4.30E+07
100,7,1.50E+07
88,5.2,3.00E+05
123,6.2,2.80E+07
93,4.3,2.00E+07
82,4,6.00E+06
122,7.8,5.50E+07
113,6.6,3.20E+07
83,6.1,2.80E+07
117,7.7,6.50E+07
102,6.2,1.10E+08
125,5.9,4.20E+07
96,5.6,1.70E+07
128,7.5,4.00E+07
89,7.7,439000
128,6.3,1.75E+08
113,5.6,2.00E+07
99,6.8,7.50E+07
100,7.7,8.00E+06
90,7.5,NA
121,5.8,1.30E+07
154,6.8,9.00E+06
95,5.3,3.00E+06
110,7,4.10E+07
80,7.1,2500000
108,5.9,3.00E+07
123,6.5,4.00E+07
79,7.1,3.00E+07
79,7.1,3.00E+07
121,4.6,5.00E+06
135,8.2,5.80E+07
98,7.2,1.00E+07
175,7.4,2.60E+07
95,7.2,1.20E+08
25,8.4,150000
96,6.8,2.00E+08
94,8.1,4.00E+06
95,5.9,2.00E+07
115,6.5,6.00E+07
99,6.5,1.50E+07
88,7,120000
79,6.6,8.00E+05
138,7.6,4.00E+07
99,7,2.00E+06
101,5.3,9.20E+07
117,6.9,3.50E+07
122,7,2627000
101,5.6,2.00E+07
87,7.7,560000
86,5.1,2500000
86,4.7,4.00E+06
96,7.5,3.20E+07
97,6.8,6500000
144,6.9,6.50E+07
128,7.2,4.00E+07
99,6.3,4.00E+06
107,6.6,3.00E+07
100,5.8,1.00E+07
100,4.7,2.50E+07
109,6.1,3.60E+07
120,7.9,2.00E+06
108,6.7,1.60E+07
91,7.3,NA
136,6.1,4.00E+07
125,7,2.00E+07
122,6.8,1.50E+07
82,6.2,1.70E+07
101,7.5,1800000
88,6.6,4500000
99,5.7,7.00E+06
89,5.1,8.00E+06
164,7.4,1.60E+07
108,6.5,1.40E+07
105,6.8,1.00E+07
90,7.7,NA
117,7.4,3.00E+06
100,7.1,8700000
106,7,7.00E+06
101,7.2,6.00E+06
121,7.5,1.70E+07
89,5.4,2.80E+07
99,7.6,7.00E+06
102,4.2,5.20E+07
125,8,1800000
108,5.6,8.00E+06
91,5.9,4.00E+07
149,7.4,4.00E+07
131,6.3,3.00E+07
114,6.5,2.80E+07
107,6.6,1.40E+07
101,7.4,1.10E+07
146,7.1,1.00E+08
93,5.5,6.20E+07
99,4.9,2.50E+07
86,6.3,NA
106,5,3.50E+07
106,7.3,6500000
101,7.1,3.00E+07
100,6.1,12500000
125,7.2,3.00E+07
123,7.8,1.20E+07
105,5.9,6.90E+07
87,5.8,70000
121,6.7,5.00E+07
100,4,2.60E+07
78,6.9,1.20E+07
90,6.3,3.00E+07
133,7.4,4.50E+07
110,6.5,1.20E+07
96,5.2,7.00E+06
99,7.2,NA
106,6.3,1.00E+07
81,7.7,1.90E+07
106,5.2,5.00E+06
107,5.7,1.30E+07
112,6.2,1.60E+07
91,4.9,750000
107,6.8,NA
90,5.4,650000
100,4.9,1.30E+08
97,6.3,5.80E+07
104,5.9,4500000
110,5.3,3.90E+07
102,5,2.60E+07
100,4.5,2.60E+07
141,7.2,7.00E+07
125,7.3,1.50E+07
98,5.1,3.00E+06
124,6.4,8.50E+07
91,6.2,2600000
130,8.5,4400000
88,7.8,3500000
124,7.4,NA
112,7.5,NA
90,8,2.80E+07
113,6.7,8.00E+06
97,6.1,5.00E+06
96,5.6,3.00E+07
101,5.1,3.50E+07
206,5.5,1.55E+08
106,7,2.00E+06
81,6.2,2.80E+07
103,6.2,6.00E+07
165,6.8,1.07E+08
108,6.5,2.00E+08
113,6.4,1.70E+08
116,8.5,1.10E+07
116,6.3,7.50E+07
154,8.4,18500000
86,5.4,4.50E+07
120,7.1,3.20E+07
99,4.8,1.50E+07
95,5.7,1.40E+07
101,6.3,NA
107,5.6,NA
106,6.9,9.00E+06
121,7.6,9.00E+06
78,4,20000
123,7.8,NA
90,5.6,750000
128,6.2,5.50E+07
220,5.8,5.70E+07
108,6.9,2500000
120,5.8,1.10E+08
152,7.9,6.00E+07
97,5.3,8.00E+06
105,5.4,3.70E+07
94,2.3,2.00E+07
104,6.3,6.00E+07
90,5.9,4.20E+07
108,7.1,250000
90,5.3,2.00E+07
92,5.2,6.00E+07
87,4.4,7.50E+07
92,5,9.00E+07
88,4.5,7.50E+07
180,8.3,1.80E+07
132,7.3,1.03E+08
102,5.7,4.80E+07
122,8.4,1.50E+07
107,5.5,1.90E+07
176,7.8,1.00E+08
112,7.5,777000
94,5.2,1.00E+07
86,4.9,990000
101,8.6,7500000
138,7.3,4.00E+07
90,4.7,350000
94,6,3.50E+07
95,7,1.10E+07
108,6.4,3.00E+07
102,7.6,7.00E+06
113,6.7,5.00E+07
133,7.3,58800000
101,7.5,NA
74,6.3,5.50E+07
124,5.8,1700000
155,7.2,3.60E+07
90,4.3,3.00E+06
93,5.9,2500000
127,7.9,8900000
83,4.3,1.20E+07
91,5,1.40E+07
100,7.3,4500000
103,6.3,1.40E+07
97,6.9,1.40E+07
96,7.5,NA
108,7,3.00E+07
89,4.6,4.50E+07
97,4.6,2.50E+07
96,5.9,6.00E+07
103,6.7,3.00E+07
94,7.1,5.00E+07
143,6.3,5.00E+07
98,7.2,2.60E+07
94,5.7,1.80E+07
102,5.6,3.80E+07
145,7.3,2.50E+07
146,6.7,1.50E+08
109,7.6,3.00E+06
90,6.2,NA
148,6.7,7.50E+07
129,6.6,NA
99,5.4,6500000
118,5.2,6.50E+07
107,7,3768785
93,8.1,4.00E+06
90,7.3,8.00E+06
130,6.9,3.00E+07
92,7,1.00E+05
119,6,4.00E+06
129,7.3,1.00E+07
117,7.4,1.30E+08
91,7.6,1.00E+06
94,6.3,3500000
109,6.1,3.00E+07
108,5.7,3200000
117,7.3,12500000
83,6.6,1.05E+08
156,6.8,5.50E+07
108,6.4,1.80E+07
114,6.1,2.30E+07
289,8.5,31500000
139,7.8,4.00E+07
140,7.6,6.20E+07
86,5.2,5.00E+06
115,6.8,NA
89,6.2,5.00E+06
86,6.9,750000
104,5.3,1.20E+07
103,6.3,3.10E+07
115,6.6,NA
107,6.6,1.20E+07
95,4.6,3.20E+07
91,4.2,5.00E+06
130,7.7,44500000
117,7.2,21500000
153,6.6,1.40E+08
88,5.7,2.70E+07
88,7.6,1.30E+07
120,5.8,1.10E+08
66,5.3,150000
97,7.1,1.00E+08
93,6.1,5.00E+06
139,7.7,5.00E+07
133,7.6,2.50E+07
100,6,950000
132,6.3,5.00E+07
109,6.3,2.00E+07
94,6.3,6.50E+07
128,5.9,6.00E+07
105,6,NA
95,6.8,1.20E+08
123,7.8,3.00E+07
88,6.6,1.30E+07
99,6.1,NA
114,7.5,3.00E+07
121,7.3,2.50E+07
94,6.2,6.30E+07
68,7,1.70E+07
95,6.6,3.30E+07
165,6.6,1.30E+08
105,6.6,7.00E+06
103,5.5,4.00E+07
178,7.9,2.37E+08
141,7.5,2.50E+08
109,5.6,6.00E+07
84,6.5,8600000
98,7.1,1.70E+07
82,3.9,3.00E+06
102,7.6,3.00E+05
159,8.4,18026148
91,6.8,3.00E+07
97,5.8,8.00E+07
143,7.5,2.50E+07
99,5.9,5.00E+07
130,6.4,1.60E+07
97,2.5,1.80E+07
99,6,3.00E+07
101,5.6,7.00E+07
87,5.3,3.00E+06
116,8.5,1.90E+07
108,7.8,4.00E+07
118,7.4,4.00E+07
119,6.8,1.90E+07
147,6.6,1.30E+08
116,5.6,7.00E+07
100,6.7,2.00E+07
98,7.1,1.80E+07
97,5.7,2.00E+07
89,6.7,1.00E+07
96,5,8500000
84,6,NA
93,5.2,3.00E+07
91,3.6,7.00E+07
70,7.4,NA
135,6.5,1.00E+07
82,7.1,2.00E+06
93,5.7,3.20E+07
123,6.6,8.00E+07
111,6.4,2.00E+07
98,6.4,NA
90,5.4,1.00E+06
99,5.4,4.00E+07
87,5.5,950000
98,5.9,9.00E+06
98,6.1,NA
102,6.3,1.20E+07
76,2.8,1.50E+07
134,7.3,NA
90,5.6,5.10E+07
184,8.1,1.10E+07
95,5.9,NA
98,6.5,5.00E+07
116,4.2,7.00E+07
108,6.9,3300000
101,6.5,2361000
126,7.6,3.50E+07
125,3.7,1.25E+08
128,8.3,1.50E+08
121,5.4,1.00E+08
126,7,8.00E+07
183,6.9,2.50E+08
148,8.4,3500000
91,3.6,6500000
96,5.5,1800000
110,5,2.00E+07
119,2.4,4.40E+07
131,5.9,2.09E+08
118,5.7,5.30E+07
102,6.4,2.00E+07
86,5.6,1.70E+07
107,3.8,6.00E+06
93,7.3,1800000
124,6.2,6.00E+07
105,5.5,NA
81,6.8,1.20E+07
102,5.6,NA
106,6.4,1.40E+07
120,7.1,16500000
93,6,4.80E+07
99,6.1,8.00E+07
91,6.2,1.50E+08
86,6,2800000
110,6.3,17500000
92,7.5,1.50E+07
92,6.3,2.20E+07
109,7.9,3.00E+06
105,8.1,2500000
80,8,2700000
104,7.4,8.00E+06
105,7.2,3200000
106,6.4,4.00E+07
112,7.8,1.30E+07
104,7.1,1.80E+07
91,7.4,3300000
172,5.9,5.50E+07
99,4.5,1200000
141,6.1,NA
112,6.7,3500159
122,7.1,9.00E+06
95,6.1,3.00E+06
86,6.1,5.00E+05
115,6.3,1.50E+08
99,6.8,5.00E+06
90,7.5,6.00E+06
98,7.2,250000
91,3.7,2.00E+07
105,7.3,1.40E+07
100,6.4,2.80E+07
104,5.5,5.50E+07
127,6.5,3.50E+07
110,6.1,1100000
116,6.9,7.00E+06
108,7.6,5.00E+05
118,6.7,2.30E+07
109,6.2,9.00E+05
132,6.8,1.00E+08
130,7.3,1.80E+07
93,6.4,34200000
106,7,1.00E+07
88,5.4,1.50E+07
125,8,7.00E+07
102,7.9,1.65E+08
107,6.5,4.00E+07
99,5.1,3.00E+07
99,4.6,4.00E+07
113,4.4,3.20E+07
74,6.5,4.00E+07
99,7.3,2.50E+07
93,6.2,2.00E+07
90,6.9,1.00E+07
110,7.7,5.00E+06
100,6.1,2.00E+07
93,6.1,1.30E+07
148,7.5,NA
98,4.3,5.00E+05
94,4.5,9.00E+06
152,7.7,9.20E+07
95,4.8,5.00E+07
123,7,5.30E+07
93,4.4,17500000
95,5.6,7500000
121,6.6,9.00E+06
125,6.6,3.00E+07
83,4.7,NA
116,7,1.50E+07
108,8,1.30E+07
133,5.4,7.00E+07
102,6.6,NA
110,7.1,4.50E+07
117,6.7,5.40E+07
117,8.2,2.80E+07
122,5.9,6.50E+07
93,6.3,6.10E+07
112,6.6,3.50E+07
93,7.8,2600000
100,4.2,1200000
117,6.5,4.00E+07
107,5.1,4.00E+07
121,6.6,2.50E+07
93,3.9,1.00E+07
98,5.5,NA
101,6.1,2.20E+07
143,8,1.00E+08
128,6.7,NA
144,6.5,25500000
110,6.4,5.00E+07
92,2.9,2.50E+07
92,6.8,1100000
107,7.7,2.00E+06
124,7.6,3.00E+07
107,7.4,1.80E+07
88,6.7,1.00E+06
104,5.6,3.00E+07
98,7.3,1.80E+07
108,6,1200000
90,7.1,1066167
93,6.3,6.50E+07
112,7.4,3500000
97,4.9,2.00E+07
112,7,1.40E+07
128,6.7,NA
114,6.8,1.00E+07
128,7.1,7.00E+07
110,5.3,3.00E+07
120,7,8.00E+06
96,6.9,1.50E+08
116,7,8.00E+06
114,6.9,2.00E+07
89,4.1,2.00E+07
155,7.9,1.50E+07
90,4,1.50E+07
119,7.1,1614000
117,5.4,4.00E+07
82,7.3,1.80E+07
145,7.2,1.40E+07
91,7.1,7.00E+06
110,6.8,5.00E+06
109,7.4,4500000
85,6.4,5.50E+07
120,8,4.00E+06
165,8,4.00E+06
105,6.5,1500000
94,5.3,1.60E+07
118,7.6,2.00E+06
112,7.8,6.00E+06
81,5.8,4.20E+07
155,7.5,4.00E+07
88,6.3,6500000
93,7.2,1.85E+08
178,8.4,7.20E+07
142,8,1.50E+07
93,6.9,3.60E+07
110,4.6,1.20E+07
85,5.5,NA
88,6.2,15000
101,6.7,NA
100,5.7,2.80E+07
122,6.2,7.00E+06
89,5.3,2.50E+07
89,5.4,3.00E+07
131,6.8,32500000
142,7.6,4.00E+07
96,7.2,1.70E+07
97,6.7,2.60E+07
108,5.9,4.00E+07
119,7.2,1.00E+06
107,5.6,2.50E+07
119,7,8500000
111,5.7,1.20E+07
98,5.9,1.00E+07
105,5.5,3.30E+07
121,6.8,5.50E+07
134,7.7,1.40E+07
100,6.4,2.50E+07
108,6,5.00E+07
109,6.2,3.50E+07
101,5.7,1.50E+07
90,6.6,6.00E+05
92,7.1,NA
111,7.5,1.10E+07
132,6.7,1.70E+07
99,6.4,8.00E+06
114,7.2,1.00E+07
89,7.2,1900000
105,7.1,2.60E+07
109,6.5,8.00E+06
101,6.7,8.10E+07
84,5.6,1.30E+07
97,3.3,1.00E+07
110,7.5,1500000
98,6.9,1.50E+07
92,5.7,5.50E+07
104,5.5,5.20E+07
98,7.5,2.00E+07
115,7,NA
108,6.8,3.00E+07
95,7,3.00E+06
119,6.4,5.50E+07
86,7.5,225000
96,7,3.70E+07
101,6.6,2.00E+07
85,6.6,1200000
110,8.1,6.00E+06
108,4.5,NA
78,8.7,180000
122,5.3,1.00E+07
96,5.5,1250000
118,6,7.00E+06
99,3.7,NA
98,7.4,6.00E+06
109,7,1.20E+07
86,7.5,2.00E+05
100,6.5,1.00E+07
124,4.5,2.00E+07
128,7.3,3.50E+07
105,7.4,NA
110,7.4,7.00E+06
130,6.8,5.00E+06
147,8.2,2.50E+08
124,6.9,1.40E+08
136,7.8,1.70E+08
131,5.9,5.70E+07
134,7.9,5.50E+07
97,5.3,2.00E+06
112,6.2,4500000
80,7.2,2.50E+07
100,5.9,3.00E+07
84,6,NA
117,7.2,1.20E+08
106,6.3,2.00E+08
82,8.6,950000
109,6.2,2.70E+07
178,8.2,5.20E+07
108,6.2,1.50E+07
144,8,1.50E+08
100,6,5.00E+07
143,7.7,9.00E+07
108,8.1,3.00E+06
93,6.1,1.80E+07
122,7.2,1.80E+07
98,6.7,1.40E+07
141,8,5.20E+07
91,5.2,1.80E+07
87,5.2,6.00E+07
75,6.9,3.20E+07
87,3.3,1.00E+08
87,6.3,NA
113,6.3,1.20E+07
92,6.7,NA
94,6.5,2.50E+07
115,6.7,1.80E+07
107,6.6,5.00E+07
97,6.4,NA
100,6.2,2.30E+07
88,4.1,5.00E+06
88,3.5,5.00E+06
107,5.6,5.00E+07
95,2.3,1.00E+07
141,7.8,5.50E+07
91,6.5,4.50E+07
120,6.9,4.90E+07
125,7.2,5500000
94,5.5,9.20E+07
107,4.8,1.20E+08
115,6.7,1.50E+08
97,7,1.20E+07
99,6.5,4.40E+07
102,7.1,7.50E+07
97,6.4,NA
103,7.1,NA
113,7.3,250000
101,6.1,2.30E+07
116,7.2,2.00E+07
76,4.8,NA
88,6.8,2.00E+05
94,5.8,4.00E+07
94,5.4,6.00E+07
86,5,1.00E+06
113,7.2,4.50E+07
94,6.2,3.00E+06
81,5.8,1.50E+08
84,7,4.50E+07
87,6.5,9.00E+06
72,5.7,1.30E+07
137,6.4,5.00E+07
90,6.1,1.00E+06
109,7.9,7.60E+07
102,5.2,3.40E+07
96,6.3,1.10E+07
121,7.3,2.50E+07
160,4.8,1500000
92,6.5,3.00E+06
95,5.1,NA
89,5.8,2500000
99,5.2,6.00E+07
89,7.1,1.20E+07
96,6.6,250000
105,7,9.50E+07
144,8,8.80E+07
87,6,NA
107,5.9,NA
109,5.9,4.00E+07
91,6.8,NA
111,6.2,4.00E+07
104,7.4,6.00E+06
114,6.7,5.50E+07
90,6.5,5.50E+07
116,6,17500000
91,5.3,5.00E+05
106,5.8,1.25E+08
98,6.6,4300000
104,6.6,8.00E+06
110,6.9,4500
141,6.9,6.20E+07
251,7,31115000
102,7.8,230000
97,7.4,5.00E+06
107,6.4,7.00E+07
124,6.4,7.00E+07
94,5.2,2.60E+07
96,6.4,NA
135,7.7,19400870
80,4.9,3.00E+06
98,7.3,2.70E+07
112,7.1,5.00E+06
80,5.6,1800000
172,7.5,1.02E+08
90,7,1.00E+08
95,6.5,7.80E+07
85,7,2.50E+07
119,5.6,8550000
97,6.8,1.20E+07
136,7.2,3.00E+07
124,7.5,NA
93,6.3,7500000
91,4.5,2.00E+07
106,4.2,8.00E+06
87,6.6,2.00E+06
154,7.2,7.90E+07
120,7.6,6.50E+07
108,5.5,8.50E+07
94,4.6,6500000
112,6.4,4.00E+07
97,6.2,6.00E+06
109,7.3,NA
75,6.7,1.00E+07
101,5,3.00E+06
90,6.4,270000
123,6.8,7.50E+07
129,6.9,2.00E+07
103,5.8,1.80E+07
123,7.1,3.50E+07
113,7.1,2.90E+07
89,4.6,1.50E+07
97,6.7,1.50E+07
109,5,5.00E+07
108,6.3,2.00E+07
88,6.1,1700000
135,6.7,7.50E+07
150,7.4,9.00E+07
106,6.6,6.00E+07
77,4.8,NA
109,6.5,2.50E+07
122,7.7,4500000
84,7.1,450000
98,6.9,1.50E+07
120,6.9,1.00E+07
107,5.6,3.70E+07
123,6.6,2.00E+07
104,6.8,1.10E+07
100,7.7,6.00E+07
123,6.2,NA
86,4.6,1.10E+07
77,7.4,4.00E+07
97,6.6,1200000
111,6,50000
117,6.3,1.50E+07
113,5.5,6.00E+07
118,7,2.00E+07
116,6.6,4.60E+07
129,7,2.00E+06
107,5.6,4.50E+07
101,5.8,3.00E+07
132,6.9,3.20E+07
93,7,1.20E+07
96,6.2,2.00E+07
115,7.9,6500000
112,7.3,7.00E+06
111,6.3,1.50E+07
118,7.4,5.00E+07
135,6.5,1.40E+07
97,5.5,1.00E+06
133,7.7,3.50E+07
130,6.9,8.00E+06
85,6,3500000
113,6.3,31500000
94,5.8,7.00E+06
123,7.3,5.30E+07
107,6,1.20E+07
93,6.5,8800000
108,5.5,15800000
92,4.8,21150000
115,6.9,1.40E+07
95,2.1,5600000
93,3.3,1.20E+07
84,3.8,1200000
97,6.9,10500000
147,7.5,2.90E+07
90,5.9,1.00E+06
90,7.3,365000
78,6.6,5.00E+07
99,5,3.50E+07
124,5.6,9.80E+07
95,6.8,7500000
91,6.3,7.00E+06
91,5.3,3500000
123,4.1,1420000
117,7,NA
96,6.1,5.00E+07
89,2.9,6.00E+06
92,5.5,6.00E+07
117,8,5.00E+06
91,5.2,1.70E+07
99,5.7,NA
88,3.5,2.50E+07
140,8,12800000
97,6.8,NA
236,8,2.20E+07
89,2.8,1.20E+07
119,7.7,1.40E+07
106,7.1,1.00E+07
108,5.8,1.16E+08
118,6.6,1.50E+07
111,7.7,2.70E+07
113,6.2,1.00E+08
103,5.6,3.00E+07
103,5.4,10600000
96,4.9,1.10E+07
103,5.1,NA
143,6.2,2.50E+07
293,8.4,1.40E+07
85,2.7,2.00E+07
101,6.3,5.50E+07
100,7.2,3.00E+06
110,7.4,2.60E+07
130,7.6,1.70E+08
88,4.8,3500000
87,7.2,3500000
102,6.6,3400000
98,6.5,2.00E+07
114,5.8,8.00E+07
94,8,3.00E+06
107,5.9,6.00E+07
102,7.7,6900000
125,6.6,2.00E+07
87,6.1,5.00E+06
90,7.7,695393
118,6.5,3.00E+07
96,6,1.40E+07
122,7.6,1.10E+07
128,8,16400000
95,6.3,1.20E+07
87,7.2,NA
108,8.1,5.80E+07
105,7.8,NA
108,6.3,2.50E+07
102,6.6,5.00E+07
87,7.4,9.00E+06
104,6.4,5.50E+07
111,6.4,4.50E+07
80,6.2,3.00E+05
111,6.8,2.00E+07
109,6.4,5.50E+07
88,7.1,5.00E+05
93,4.9,NA
96,7.4,2.00E+07
95,4.6,5.00E+06
105,5.8,6.00E+07
120,6.1,7.50E+07
106,6,4.50E+07
88,4.3,1750000
95,6.8,3500000
112,7.2,NA
94,4.4,4.00E+07
118,6.2,3.00E+07
105,6.4,2.60E+07
83,5.3,3.00E+06
109,7,1100000
112,6.6,2.20E+07
90,6.2,2.00E+06
104,6,4.00E+06
104,7.2,7.00E+06
87,7.7,6.90E+07
98,7.5,7.60E+07
NA,8.1,NA
93,5.8,1.00E+07
87,4.6,5.00E+05
104,6.5,8.00E+05
95,6.8,1.50E+07
83,4.6,2.20E+07
88,5.7,1.70E+07
96,5.6,1.00E+07
80,6.3,1.00E+07
89,4,7.00E+06
120,6.7,7200000
116,5.6,5500000
94,6.2,1.50E+07
94,6.4,2.20E+07
99,6.6,2.10E+07
95,5.7,2.00E+06
94,6.1,1.30E+07
105,6.1,1.00E+08
98,5.6,1.70E+07
103,4.7,5.80E+07
133,6.1,1.42E+08
131,8.2,2.80E+07
124,7.1,7.00E+07
82,5.9,5.00E+06
110,7.2,5.00E+06
114,5.9,NA
99,7.3,NA
82,6.5,127500000
109,6,11500000
97,7.4,1.00E+07
82,6.4,1.30E+07
88,1.9,2.50E+07
128,6,5.50E+07
112,8,3.00E+07
105,6.9,2.00E+07
84,5.5,1.50E+07
139,6.7,8.50E+07
116,6,2.70E+07
165,8.5,1.00E+08
120,7.9,6500000
120,5.9,2300000
87,4.8,2.10E+07
85,5.3,71500000
200,8,1.10E+07
130,7.4,1.00E+07
91,7.7,NA
113,6.9,3.70E+07
107,6.4,3.60E+07
93,6.2,NA
89,5.5,5.30E+07
127,6,5.00E+07
99,5.6,2.50E+07
113,6.3,5.00E+07
90,6.6,3.00E+06
97,6.8,2.50E+07
87,5.9,NA
99,5.2,9.00E+05
147,7.8,3.50E+07
133,8.1,4500000
109,6.9,2686585
77,2.8,2.00E+07
113,5.2,6.00E+07
113,6,3.00E+07
103,7.3,7.00E+06
110,5.5,1.50E+07
105,6.4,7.00E+07
88,5.3,2.40E+07
104,7.5,2.00E+07
77,5,5.00E+06
108,6.5,8.00E+06
93,6.5,NA
87,5.4,3.00E+07
91,4.9,9.00E+06
87,4.6,7.20E+07
110,7.3,1100000
95,8.5,1800000
99,4.9,2.80E+07
92,6.3,7.00E+07
73,7,1600000
110,6.8,2.50E+07
99,6.6,3.00E+07
88,6.4,4.00E+07
104,6.1,6.00E+07
103,6.4,5.70E+07
108,6.7,1.80E+07
84,6,5.50E+07
97,7,1.00E+06
136,5.5,6.80E+07
130,6.5,7.00E+07
92,6.4,2.00E+06
95,7.1,3.50E+07
104,7.1,6500000
102,5.7,4.00E+07
90,6.1,NA
100,7.8,1.50E+07
104,5.5,5.00E+07
92,4.3,1.20E+07
91,5.7,8.00E+06
116,4.5,7.20E+07
98,6.8,NA
99,7.4,7500000
97,6.5,1.00E+07
96,5.6,1.60E+07
118,5.7,2.00E+07
77,3.8,2.20E+07
95,6.6,6.50E+07
144,6.9,8.00E+06
112,6,1.50E+07
128,6.2,NA
100,7.3,1.20E+07
109,5.7,3.50E+07
85,3.4,1.90E+07
177,6.6,4.00E+07
105,4.9,1.50E+07
89,5.8,4.00E+07
125,6.2,6.00E+07
94,4.4,5.00E+06
107,5.1,2.00E+07
111,5.4,1800000
89,6.6,3.00E+06
120,7.9,10500000
118,6.6,8.00E+07
110,7.8,NA
91,5.8,1.30E+07
96,6.9,1900000
96,7.7,2.50E+07
92,7.1,8.00E+06
124,6.7,NA
97,6.7,NA
140,5.7,6.00E+07
93,6.1,1800000
127,7.9,1.80E+07
106,7.5,2.30E+07
83,5.7,1500000
90,4.8,NA
91,6.8,NA
117,6.6,8.00E+07
113,7.9,1.78E+08
82,6.3,1.00E+07
122,6.1,5.50E+07
105,7.9,2.00E+07
120,7.3,4.00E+07
99,5.4,3.00E+07
81,6.9,7000
103,7.3,8.00E+06
100,4.8,4.30E+07
97,6.9,3.30E+07
124,7.5,2.50E+07
114,6.9,5.50E+07
123,6.4,5.70E+07
96,6.3,3.50E+07
89,7.6,15500000
146,7.9,3.00E+06
97,6.5,1.00E+07
109,6.6,1.15E+08
103,5.5,1.20E+07
107,7.1,8.50E+07
121,5.7,8.30E+07
108,7,1.00E+07
109,7.7,7.00E+06
114,6.7,1.10E+08
104,6.3,2.00E+07
131,7.6,6.80E+07
140,7.3,9.00E+07
115,5.6,3.80E+07
93,7.1,8.00E+06
90,6.6,5.00E+05
88,5.2,8.00E+05
161,7.3,1.30E+07
113,6.2,6.60E+07
99,4.8,4.00E+07
102,6.7,1.00E+08
93,2.3,2.00E+07
107,7.5,2.00E+07
104,5.1,1.00E+08
115,6.1,1.00E+08
89,7.4,20000
131,7.3,5.20E+07
112,7.6,8.00E+06
101,5.7,5.00E+07
106,7.2,6.00E+06
89,5.9,4.00E+07
98,6.3,2500000
90,5.2,NA
115,6.7,5.00E+07
120,6.6,1.70E+07
108,8.3,2.00E+07
85,6.7,6500000
93,6.6,2.50E+07
96,5.4,1.75E+08
109,7.3,6.00E+06
130,6.7,6.00E+07
121,7.1,5.50E+07
99,7.2,2.10E+07
101,6.8,2.00E+07
97,6.4,5.00E+06
87,6.6,1.00E+05
96,6.5,1.70E+07
37,7.8,3600000
135,6.3,5.50E+07
81,6.4,NA
108,7.7,1.50E+07
101,6.9,NA
133,6.4,5.50E+07
115,6.8,3.10E+07
101,5.5,3.30E+07
150,6.1,1.40E+08
118,3.7,1.40E+07
125,5.1,5.00E+07
103,7.2,2.00E+06
92,6.2,8.00E+06
106,6.5,3.10E+07
118,6.1,3.80E+07
76,3.8,NA
93,4.5,4.00E+07
129,6.9,4.00E+07
101,6.1,2.00E+07
109,4.9,1.50E+07
100,5.7,2500000
159,7.3,6.50E+07
145,6.4,1.10E+07
84,5.8,NA
138,7.3,8.00E+07
111,6.7,1.00E+05
99,6.4,7.00E+06
122,7.5,6.00E+06
95,5.6,5.00E+07
108,6.8,2.20E+07
115,7,550000
116,6.9,1.00E+07
91,5.9,1.30E+07
103,5.8,4500000
123,5,1.80E+07
120,6.8,4490375
120,7.8,2280000
74,7.3,8.00E+07
100,4.3,1.20E+08
87,7.8,4.00E+07
107,7.4,13500000
80,4.2,NA
103,3.3,5.00E+06
132,7.3,1.25E+08
90,7.2,4500000
98,6.5,2.40E+07
93,4.3,2.60E+07
97,7.6,2500000
119,6.9,1.40E+07
118,7.7,18500000
95,5.2,1.00E+06
95,6.4,3200000
116,7,NA
114,6.3,3.50E+07
87,6.8,1500000
104,6.2,3.00E+07
181,8,9.00E+06
93,6.8,8.00E+06
117,6.9,6.00E+06
92,3.5,5.00E+06
129,4.1,4.00E+07
151,8.8,6.30E+07
80,5.7,427000
98,6.7,2.30E+07
90,6.2,2.60E+07
86,5.8,2.50E+07
92,5.9,4.00E+07
106,6.4,1.37E+08
125,7.1,1.30E+07
136,7.3,4.30E+07
100,8.2,9.40E+07
101,7.8,2.50E+07
136,5.9,2.10E+07
122,6.5,5.00E+05
114,6,1.50E+07
118,6.2,NA
105,5.8,5.00E+07
93,7.7,1.40E+07
134,5.9,5.50E+07
94,5.5,3.00E+05
123,7.3,NA
167,6.2,1.00E+06
135,7.1,9.00E+07
111,6.4,2.00E+07
119,7,2.00E+07
95,6.1,4.00E+06
115,6.6,2.60E+07
112,6.4,1.50E+07
105,5.3,2.50E+07
95,6.2,1.50E+07
138,7.3,3.10E+07
115,5.7,3.50E+07
113,6.1,4.50E+07
98,6.2,5.50E+07
90,7.7,1.40E+07
95,5.2,25530000
92,6.8,7.00E+06
110,7.1,2.90E+07
90,5.2,8.00E+07
85,6.7,1.49E+08
140,6.6,6.00E+07
120,6.9,20000
105,6.6,50100000
83,7.1,913000
94,7.9,NA
91,1.7,6.50E+07
112,5.6,7.00E+07
84,4.3,2.00E+06
107,6.5,8200000
88,6,850000
133,6,NA
137,6.5,5.00E+07
86,6.3,1.20E+07
127,6.8,2.80E+07
126,6.3,5.00E+06
103,5.2,1300000
118,7.2,3.00E+07
142,8.8,5.50E+07
90,6.3,1.10E+07
100,5.9,3.00E+06
95,5.9,8.00E+06
108,6,1500000
109,6.9,4.50E+07
88,5.6,8.00E+07
97,7.3,NA
110,6.7,4.00E+06
117,7.1,4500000
100,7.3,1.10E+07
86,7.4,NA
87,7,3.90E+07
93,6.4,3.00E+06
90,6.5,6.00E+06
97,6.1,2.60E+07
93,4.9,8500000
87,4.5,1.50E+07
97,5.8,3.00E+07
91,5.9,5.50E+07
139,6.7,5.00E+07
94,4.2,NA
94,6.2,14500000
123,7.5,2.10E+07
103,6.5,7.00E+06
102,6.9,3.00E+06
99,6.4,2.00E+06
116,7.5,2.00E+06
118,7.3,3.10E+07
123,7.4,1.20E+07
97,7.3,3500000
85,5.8,2.00E+07
87,6.1,1250000
91,5.7,4.00E+06
88,5.3,2800000
100,4.5,5.00E+06
92,4.7,2200000
97,5.9,1800000
109,6.6,3.50E+07
88,5.9,6500000
106,6.4,3.00E+07
92,5.9,1100000
108,7.3,1.90E+07
122,6.8,3.50E+07
118,7.8,1650000
90,2.1,1.20E+07
92,6.5,5.20E+07
115,7.5,2.00E+06
122,7.7,3.50E+07
102,7.6,1.50E+08
97,7.2,1.00E+06
85,7.5,9.00E+05
112,7.6,2500000
134,4.7,NA
101,4.7,2.00E+06
86,5.4,1.40E+07
90,6.1,1.00E+08
111,6.5,1.50E+07
85,6.4,NA
153,6.4,7.50E+07
122,6.5,16800000
140,7.2,1.90E+08
92,3.8,3.50E+07
134,7.6,6.80E+07
88,5.1,1.50E+08
125,5.8,5.00E+07
122,5.8,1.30E+08
118,5.8,1.75E+08
99,6.4,NA
95,3.4,NA
102,7.3,4.50E+07
95,5.8,5.00E+07
240,8.1,2.20E+07
216,7.5,1.00E+08
113,6.7,6.00E+07
102,7.6,2500000
80,5,3.50E+07
106,7.8,3.60E+07
118,7.4,2.00E+06
89,6.1,NA
93,5.7,3.20E+07
92,5.4,5.50E+07
90,7.5,42000
113,5.9,2.00E+07
103,6.2,3500000
102,5.1,4.00E+07
107,6,4.00E+07
114,6.4,NA
100,7.1,7500000
120,6.8,2400000
139,6.9,3.00E+07
87,5.8,2.20E+07
117,5,4.00E+07
105,6.9,30250000
110,6.5,8.00E+07
90,4.4,1.80E+07
271,7.7,2.50E+07
127,7,2.20E+07
116,7.5,NA
123,5.2,1.10E+08
96,4.3,5.70E+07
91,5.5,3.50E+07
102,6.7,2.00E+07
111,7.4,7.00E+06
116,5.5,1.44E+08
98,4.9,2.80E+07
130,6.7,3.60E+07
121,2.4,5.40E+07
108,5,1.20E+07
100,7,NA
127,7.3,2.40E+07
104,3.5,5.00E+05
171,8.5,1.03E+08
100,7.8,12500000
104,2.1,2.20E+07
122,7.9,1.80E+07
118,7.2,NA
102,7.3,6500000
105,3.9,2450000
120,3.4,5.00E+06
93,5.4,NA
280,6.3,5.60E+07
105,7.5,3500000
126,5.5,1.40E+08
102,4.8,2.50E+07
102,6.3,3.20E+07
130,7.2,5.80E+07
110,7.8,3.00E+06
149,8.1,6.10E+07
127,6.5,9.00E+07
226,8.2,3977000
92,6.2,1.50E+07
87,5.1,1.70E+07
110,5.4,NA
86,6.5,NA
84,5.2,1.00E+07
102,6.4,NA
101,5.6,2.50E+07
121,7.3,1.30E+07
93,7.5,7500000
126,8.3,1.00E+07
103,6.4,5.80E+07
96,4.7,1.00E+05
131,7.3,19800000
90,5.9,2.40E+07
98,5.8,4.00E+07
94,6.3,4.00E+06
103,5.7,3.00E+07
102,6.1,NA
95,6.2,9.00E+06
96,4.5,250000
116,8.2,3.30E+07
88,6.1,NA
90,7,NA
92,6.1,1.00E+05
91,7.8,1.00E+08
110,7.2,6.00E+06
123,5.6,2.00E+08
95,7.1,5.00E+06
115,6.9,1.00E+08
106,7.2,1.10E+07
106,6.3,5.00E+07
125,6.9,3.00E+07
90,6.1,NA
86,6.5,5.00E+05
107,7.4,1.50E+07
101,8.1,14600000
102,8.2,2.00E+06
102,6,8.00E+07
101,5.4,8.00E+07
113,6.4,4.00E+07
121,8.1,1.70E+08
105,5.9,3.50E+07
85,4.9,1.12E+08
101,5.7,1.00E+07
89,6.5,1.00E+07
93,6.3,NA
93,8.1,1.60E+07
107,6.2,2.00E+07
106,6.4,2.20E+07
117,6.7,7.50E+07
82,6.7,8.00E+06
106,7.2,7.00E+05
98,4.6,1.30E+07
111,5.9,3.60E+07
101,7.9,3.00E+05
88,5.9,5.00E+06
119,4.9,1.50E+07
98,4.6,2500000
94,4.1,1.50E+07
93,4.9,5.00E+06
150,7.8,1.80E+07
92,6.4,9.00E+06
102,6.4,1.50E+08
105,7.2,2.00E+07
94,4.7,6.00E+07
111,6.8,3.00E+07
102,4.2,3.00E+07
131,6.2,5.00E+07
98,6.1,5.00E+07
75,4.5,4.70E+07
134,7.8,3.00E+06
82,5.6,70000
108,6.5,1.00E+08
92,7,1.20E+07
98,6.3,1700000
104,7.1,950000
97,5.8,7.00E+07
106,6.3,2.10E+07
112,5.6,1.00E+06
98,6,2.30E+07
102,6.6,1.20E+07
88,7.1,9.00E+06
121,7,3500000
100,5.9,1.30E+07
97,7.2,7300000
174,7.4,1.00E+08
157,7.6,1.50E+08
153,7.5,2.50E+08
138,7.5,1.50E+08
142,7.8,1.30E+08
116,7,2.00E+06
125,6.3,6.00E+07
99,4.9,5500000
93,5.7,1500000
84,6.5,650000
93,3.4,60000
93,5.8,2.30E+07
129,6.4,4.00E+07
136,6.9,2.50E+07
95,5.4,35200000
86,5.4,1.40E+07
78,4.2,1.00E+07
123,6.2,3.50E+07
101,6.9,3.10E+07
325,6.8,4.40E+07
108,7.4,5.00E+06
90,6.7,9300000
95,7.8,6.00E+06
93,6.1,1.90E+07
89,5.1,8.00E+06
105,6.8,1.00E+06
96,7.8,3950000
132,6.8,6.60E+07
120,7,8.50E+07
86,7,1.00E+06
137,7.7,9.00E+06
126,8,2.30E+07
101,4.7,5.00E+07
101,6,1.00E+08
105,6.5,4.20E+07
129,6.5,5.00E+07
80,7.9,3.10E+07
106,7.1,7.00E+06
76,5.9,3.00E+06
136,6.7,1.00E+08
96,7.2,NA
101,5.9,3.00E+07
94,6.7,3400000
115,6.3,4.20E+07
113,7.6,2.00E+07
86,6.2,1.00E+07
85,8.1,750000
105,7.6,5500000
87,5.4,NA
98,5.2,4200000
111,4.8,7.00E+06
112,4.5,1.10E+07
109,6.3,NA
110,7.2,1.60E+07
101,4.6,1.50E+07
97,6.3,1.40E+07
92,6.9,1.10E+07
118,6.6,7.00E+07
94,6.3,2.40E+07
96,5.8,1.00E+06
86,6.1,3.00E+06
96,6.7,2.80E+07
140,6.6,3.50E+07
117,7.1,2.00E+07
119,5.7,9.50E+07
112,6.6,1.60E+07
116,5.3,7.50E+07
81,7,1.00E+05
114,4.9,6.00E+07
115,7.1,NA
94,6.7,1.35E+08
103,7.5,1.80E+07
120,6.6,1.80E+07
103,6.6,2.00E+07
91,5,1.50E+07
76,5.4,1.10E+08
113,6,1200000
100,6.5,2.20E+07
94,5.3,2.50E+07
80,6.5,17500000
142,6.7,7.00E+07
170,8.3,7.00E+05
91,5.6,1.50E+07
95,5.5,6.30E+07
114,5.9,3.00E+07
100,6.3,3.00E+07
106,6.9,3.50E+07
116,6.3,4.20E+07
113,6.6,5.20E+07
93,5.9,4800000
94,5.4,1.00E+07
121,7.9,8.00E+06
87,5.1,3.50E+07
88,6.7,NA
101,6.4,3.60E+07
99,5.1,1.40E+07
100,5.4,3.50E+07
121,8.1,17500000
91,7.1,8.50E+07
89,6.7,8.00E+07
101,5.6,6900000
105,6,7.00E+06
96,7,6.00E+06
126,7.6,1.50E+07
108,5.3,3.00E+07
93,5.6,1.90E+07
94,5.1,5.00E+06
107,6.8,350000
121,5.3,1.20E+08
118,7.8,1250000
93,6.2,1.20E+07
94,3.3,NA
124,5.5,2.00E+07
110,6,1.23E+08
93,5.3,NA
110,6.1,3.80E+07
101,5.7,1.60E+07
84,6.3,4.00E+06
116,6.4,5.00E+07
110,6.5,2.70E+07
98,8.2,1.65E+08
102,7.9,1.45E+08
110,4.6,3.50E+07
140,7.5,NA
112,7.9,2500000
100,5.7,7.00E+07
126,7.5,1.70E+08
138,5.7,1.37E+08
NA,2.8,NA
99,7.1,2200000
86,6.5,5.00E+05
116,7.4,8.00E+06
135,7,2.00E+07
104,7.2,1.50E+08
109,6.1,6.00E+07
132,7.6,2.20E+07
92,5.2,1.80E+07
89,4.9,2.40E+07
114,5.6,3.40E+07
93,3.9,3500000
107,6.7,2.20E+07
105,5.3,NA
99,5.6,1.70E+07
102,6.6,1.30E+07
102,5.3,1.80E+07
86,5.4,NA
105,7.1,4.00E+07
111,5.4,1650000
75,7,250000
106,7.3,NA
105,6.3,2.00E+06
97,5.4,7.00E+07
100,4.6,2.40E+07
94,5.5,NA
80,6.2,1500000
92,5.1,6.50E+07
115,7.1,1.20E+08
103,7.6,5.90E+07
88,6.6,9.50E+07
94,7,9.00E+07
115,6.9,8.00E+07
98,6,NA
82,7.4,NA
91,7.3,3.00E+07
120,5.7,3.50E+07
84,6.6,NA
92,6.2,2.00E+07
121,6.2,1.50E+07
107,6.8,1.10E+07
99,7,9.00E+06
119,6.2,NA
111,7.3,4.00E+06
90,6.9,7900000
107,5.6,5.50E+07
110,6.1,7.50E+07
102,6.2,4.00E+07
90,6.3,3.50E+07
107,8,1.50E+07
134,8,3500000
100,5.5,3.00E+07
109,6.5,2.60E+07
88,4.1,1.00E+06
138,7.5,1700000
97,7.3,25000
113,5.3,1.20E+07
122,7,1.00E+08
127,4.3,1.30E+07
97,6.5,1.00E+07
156,3.8,6.00E+07
100,8.1,2.00E+06
121,7.2,NA
109,6.7,4.00E+07
95,6.1,7.00E+06
139,8.2,6800000
148,8.8,1.60E+08
94,6.6,1400000
154,6.9,7.50E+07
120,5.5,1.65E+08
122,6.2,1.85E+08
127,8.3,4.80E+07
118,7.6,2.80E+07
103,7.7,1.00E+05
110,7.8,NA
93,5.2,4.00E+06
118,7.1,1.30E+07
153,8.3,7.50E+07
148,6.7,2.00E+07
107,7,NA
106,6.1,6.00E+07
89,6.8,2.00E+06
105,8.3,NA
104,7.4,1.10E+07
129,7.6,4.50E+07
95,8.3,1.75E+08
103,6.8,1500000
106,6.6,5.00E+06
97,6.1,1.00E+07
118,7.2,4.60E+07
110,4.1,7.50E+07
126,6.5,5.50E+07
119,6.3,1.10E+08
169,8.6,1.65E+08
88,6.6,750000
110,5.8,5.00E+07
94,5.3,1.00E+07
89,5.8,5.00E+07
148,8.2,1.50E+07
125,6,5.00E+07
100,6.3,6.00E+07
123,8,385907
100,5.5,1.20E+07
107,5.3,1.00E+07
134,7.4,6.00E+07
101,6.5,3500000
75,7.7,750000
91,7.1,5500000
126,7.9,1.40E+08
124,7,2.00E+08
195,7.2,2.00E+08
121,6.2,2.50E+07
107,4.2,5.10E+07
95,5.3,3.60E+07
197,7.6,9400000
118,8.6,3180000
90,7.4,NA
120,6.6,8.50E+07
101,7.2,8.00E+06
100,6.9,2.00E+06
65,8.2,325000
137,6.6,3.50E+07
176,6.9,7217600
91,3.4,7.90E+07
90,6,2500000
130,7,6.00E+07
105,6.2,6.00E+07
114,6.3,1.95E+08
101,7.1,2.00E+07
92,7.1,NA
87,6.6,5.00E+06
154,7.5,1.20E+07
107,5.1,5.00E+07
120,6.5,1.50E+07
98,5.8,2.50E+07
125,7.1,7.00E+07
123,7.1,1.20E+08
91,4.3,2500000
85,4.4,1.10E+07
87,5.4,3500000
130,8,8.00E+06
131,5.7,2.00E+07
92,2.8,2.30E+07
104,6.9,2.20E+07
90,6.1,1.00E+07
83,6.5,1.00E+07
139,5.7,1.40E+07
107,5.1,1.60E+07
139,7.3,5.00E+07
134,6.9,4.00E+07
102,6.2,3.50E+07
107,7,2500000
206,8,4.00E+07
99,6.2,1.00E+06
82,6,3.00E+07
118,6.4,1.50E+07
94,5.4,6.00E+07
117,6.9,4.00E+06
91,5.9,17700000
98,5.5,3.80E+07
132,6.6,263700000
116,7,3.60E+07
87,6.1,3.50E+07
101,6.3,4.50E+07
97,5.8,5.00E+05
97,4.3,1.20E+07
81,4.7,4.70E+07
82,6.6,1.40E+07
98,5.3,2.20E+07
94,5.8,7.90E+07
93,5.8,4.50E+07
124,6.6,6.00E+07
97,6.6,2.30E+07
118,5.7,2.50E+07
186,8.3,3.00E+06
117,7.4,7840000
123,7,4.00E+07
88,6.1,8.50E+07
112,5.7,6600000
96,7.5,7500000
127,5.4,1.76E+08
127,8.1,6.30E+07
92,5.9,9.30E+07
124,7,1.50E+08
117,6.4,8.00E+07
95,6.7,5.80E+07
97,6.7,3.00E+06
95,5.4,1.80E+07
103,5.3,2.80E+07
84,5.8,4.00E+07
100,5.8,NA
115,1.6,1.30E+07
91,4.5,15600000
138,6.7,1.00E+08
120,7.4,4.80E+07
89,4.4,6.00E+07
116,6.3,1.90E+07
NA,7,1.00E+06
123,6.4,4.80E+07
93,5.9,1.20E+07
100,6.4,1.50E+07
128,6.4,3.00E+07
90,5.4,NA
89,7.5,NA
75,6.7,2500000
141,4.3,NA
85,5.8,2.00E+07
117,7.7,3.00E+07
103,6.6,2.80E+07
90,9.1,1.70E+07
95,5.6,4.50E+07
80,7.8,NA
91,7,1500000
111,8.1,3.00E+07
137,8,3.00E+07
95,6.3,5.00E+05
112,7,5.00E+06
116,6.5,3.50E+07
98,6.7,1.10E+07
100,5.4,7.50E+07
97,6.2,1.50E+07
99,6.5,1500000
111,6,2.60E+07
95,4.1,1.50E+07
201,7.2,2.07E+08
194,7.2,1.30E+08
97,5.9,5.00E+05
117,6.9,2.70E+07
118,7.1,1.10E+07
103,7.6,1.50E+07
101,5.9,4.00E+07
98,6.6,2.50E+07
100,5.7,5.00E+05
115,6.6,2.70E+07
97,6.7,1.00E+06
101,6.7,1.00E+07
90,6,6.00E+08
117,6.3,1.17E+08
91,4.8,3.50E+07
92,6.1,NA
133,7,3.00E+07
121,6.2,5.00E+07
98,6.2,1.50E+07
116,6,2.70E+07
97,6.6,3.00E+06
134,7,2.80E+07
100,6.5,2.50E+07
92,7.6,1.30E+08
90,7.3,1.50E+08
95,7.2,1.45E+08
81,6.2,1.00E+07
100,5.7,930000
138,8.3,3.50E+07
108,6.8,6500000
106,7.4,1.10E+07
106,6.8,3500000
111,6.9,1.80E+07
115,6.5,5.50E+07
110,5.6,7.00E+07
118,6.7,4700000
121,7,2.00E+07
144,8.2,1.20E+08
89,6.1,1400000
152,8.3,NA
82,5.6,2.70E+07
110,6.1,2.20E+07
97,6.2,1.50E+07
102,5.4,1.00E+08
117,5.5,9.50E+07
100,5.7,1.15E+08
98,6.1,3.00E+07
89,3.1,4.00E+06
106,7.4,1.20E+07
130,6.2,7.00E+07
112,6.4,4.50E+07
109,7,1.20E+07
105,6.6,2.80E+07
107,7.2,850000
118,7.4,5.00E+07
227,8.4,1.50E+07
90,5.9,2.80E+07
105,7.4,4.00E+06
93,7.2,3850000
100,6.4,1.90E+07
114,6,5.80E+07
111,7.6,3600000
110,3.1,1.60E+07
116,5.9,4.00E+07
96,6.2,1.80E+07
95,4.6,4.50E+07
132,7,3.00E+07
101,7,8.00E+07
88,5.6,7.00E+07
133,7.5,3.00E+07
100,5.2,2.60E+07
158,7.6,6.10E+07
107,7,5.00E+07
104,6.5,1.70E+07
90,6,NA
82,5.4,5.00E+06
116,7.2,2.00E+07
121,6.7,3.50E+07
127,6.6,1.40E+08
141,7.9,1.90E+07
110,6.3,3500000
105,6.5,3.00E+07
86,6.8,4.50E+07
133,6.6,3.20E+07
91,5.3,3.50E+07
125,7.5,1.80E+07
98,6.5,NA
127,8,1.20E+08
103,5.8,4.00E+07
101,6.1,2.50E+07
99,6,1.30E+07
103,6.8,5.00E+06
81,6.9,4900000
90,6.7,250000
99,5.1,3.00E+07
85,7.2,8.00E+07
126,7.1,8.00E+06
150,7.4,6.50E+07
156,8.4,3.50E+07
92,6.2,3.50E+07
90,5.7,NA
100,5.6,NA
105,5.2,3.50E+07
106,7.4,2.00E+07
137,7.6,2.60E+07
98,5.5,1.00E+08
101,7.9,8.00E+06
90,5.3,8.00E+07
102,6.9,2.50E+07
97,7,NA
115,7.3,1.50E+07
121,6.8,7.00E+06
129,7.2,1.10E+08
100,6.6,1.20E+07
120,8.2,960000
95,6.1,2.00E+07
119,6.8,9.00E+06
97,4.3,1.10E+07
152,7.7,2.00E+06
92,6.6,14000
99,5.9,6.00E+07
85,7,5.00E+05
135,7.6,5.00E+06
121,7.6,4.00E+07
107,6.3,5.00E+06
91,6.6,5.00E+05
91,5.7,8.00E+07
119,7.4,3.00E+07
110,7.3,NA
122,7.6,5.00E+07
107,7.1,2.50E+07
98,5.3,2.00E+07
100,4.8,7.00E+06
130,5.1,8.00E+07
101,7.8,4.00E+06
97,4.8,2.80E+07
99,4.9,NA
87,7.2,3.00E+06
124,7.2,1.50E+07
112,6.7,3.00E+07
129,7.7,4.50E+07
93,7.1,NA
76,6.4,250000
109,5.6,1.80E+07
139,6.4,4.50E+07
104,7.4,1.00E+07
88,6.1,550000
89,6.2,1.00E+06
117,5.7,2.50E+07
94,5.8,4.00E+06
107,5.7,1.70E+07
91,6.9,250000
90,7.3,5.00E+06
76,6.7,1.00E+06
107,6.2,6.00E+06
110,7.8,2.70E+07
105,5,6.50E+07
124,5.9,5.50E+07
89,6.4,4.00E+07
95,5.5,1.00E+07
105,6.7,10500000
107,5.6,2.00E+07
129,6.8,3.00E+07
115,6.2,5.00E+07
105,7.5,NA
93,7,2.00E+05
107,6.2,12305523
120,8.1,1.50E+08
104,5.8,2.20E+07
86,6.9,7.50E+07
93,6.9,1.45E+08
89,6.7,1.50E+08
95,6.4,5.00E+06
113,7.2,7200000
101,5.8,4.00E+07
107,5,6.00E+06
114,4.8,2.00E+07
103,4.1,NA
94,6.5,NA
95,5.6,8500000
110,6.1,7.00E+06
115,5.7,14800000
188,8,3.70E+07
105,5.1,5.50E+07
152,6.8,3800000
107,7.2,1.10E+07
202,7.7,3.30E+07
97,7,1.80E+08
86,5.1,1.60E+07
123,7.2,6.00E+06
92,5.6,1.00E+07
100,6.2,2.00E+07
92,6.7,5.00E+06
108,6.3,5.20E+07
143,7.2,2.25E+08
100,5.4,4.00E+07
115,6.2,2.00E+07
102,6.6,4.20E+07
146,7.7,7.00E+07
118,7.4,5.20E+07
90,7.8,1.00E+06
141,7.1,3.50E+07
139,7.4,14200000
89,6.1,6.00E+06
79,7,24000
117,7.4,NA
107,6.3,9.00E+06
80,2.8,2.00E+07
186,6.5,1.40E+07
107,7.1,3500000
123,6.4,4.00E+07
115,7.1,6.00E+07
87,4.2,5.00E+07
91,6.3,1.20E+07
106,6.3,7.00E+07
88,5.4,1.50E+08
102,6.9,NA
106,6.8,2.70E+07
113,5.4,3.00E+06
98,6.7,2.30E+07
139,7.8,6.00E+06
108,5.8,4.70E+07
112,5.5,NA
138,7.4,1.50E+08
119,7.7,1.50E+07
140,7.8,2600000
111,6.8,2.00E+07
91,5.3,1.20E+07
103,5.4,3.50E+07
101,5.4,2.50E+07
93,6.7,5.00E+05
129,7.4,1.70E+07
107,6.8,2.50E+07
91,7.4,2.00E+06
110,7.6,2.00E+07
116,6.5,5.10E+07
90,7.3,5.00E+05
97,7,1.70E+07
99,6.5,2500000
112,7.4,5.00E+05
106,6,4.00E+07
104,6.5,NA
90,4.9,6.00E+07
178,7.1,9.00E+07
93,3.9,2.40E+07
106,6.3,8.00E+07
108,7,5.50E+07
86,2.7,3.00E+07
99,3.5,2.00E+07
95,7.3,1.30E+08
104,4.1,2.20E+07
130,7.1,7400000
113,8.5,9.00E+06
145,7.3,8.50E+07
99,5.9,4.00E+07
98,7.3,9.00E+07
106,6.8,2.25E+08
88,6.1,1.40E+08
129,7.2,3.20E+07
76,5.8,8600000
102,6,7500000
97,7.5,3500000
111,6.1,6.00E+07
106,5.6,6.00E+05
131,6.1,5.50E+07
108,4.9,1.60E+07
145,8.3,6.00E+06
98,7.5,225000
119,7.3,2.50E+07
133,7.1,2.80E+07
46,7.5,NA
102,5.8,4.00E+07
97,6.5,2.00E+05
113,7.9,3600000
94,7.7,1.70E+07
155,6.6,3.00E+07
126,7.6,3.00E+07
112,6.7,1.80E+07
114,5.6,9.00E+07
128,7.6,2.00E+07
124,7,2.50E+07
132,8.1,3.00E+07
101,6.4,2.70E+07
91,6.4,7.40E+07
145,7.7,1.02E+08
135,7.5,2.80E+07
160,6,4.50E+07
109,6.8,1.30E+07
106,5.6,8.50E+07
101,6.9,4.00E+06
112,6.2,3.50E+07
106,5.3,1.10E+07
109,6.2,4.50E+07
115,5,4.50E+07
129,5.6,5500000
90,5.1,6.00E+06
88,7,3.00E+07
114,5.6,9.00E+07
110,7.1,8.00E+07
133,7.4,1.45E+08
131,7.4,1.50E+08
123,6.1,1.25E+08
124,6.9,1.50E+08
129,6.5,1.00E+07
115,7.4,4500000
93,5,8.00E+06
87,8.6,1500000
120,7.3,1.60E+07
102,5.8,2.10E+07
129,6.7,5.00E+06
98,5.4,5.00E+06
117,6.4,6.50E+07
98,6.7,2.70E+07
97,6.1,2.50E+07
105,5.6,6.80E+07
133,7.6,5.00E+07
93,4.7,7.50E+07
114,7.4,7.00E+06
109,7.3,4500000
112,7.1,4.00E+06
101,5.5,6.00E+07
91,6.6,7.50E+07
94,6.4,5.00E+05
104,7.3,2.00E+08
92,8.1,1.15E+08
109,5.8,2.00E+07
91,8.3,229575
97,7.9,5.00E+06
112,6.7,2.10E+07
126,6.3,3.40E+07
94,7.8,1.60E+07
107,6.5,4.00E+07
101,5.8,1.80E+07
95,3.7,3.00E+07
107,5.5,6.00E+07
97,6.7,NA
125,7.2,4825000
90,4.7,5.00E+06
127,7.6,52500000
94,4.3,6.00E+06
126,6.5,1.20E+08
90,6.3,2.50E+07
104,8,8.00E+06
96,5.8,5.00E+07
143,7.3,6500000
92,6.9,1.45E+08
94,6,5.50E+07
120,8.2,1500000
150,6.8,8200000
103,7.1,2.00E+07
125,6.9,2.50E+07
105,6.2,2.50E+07
111,7.4,8.00E+06
130,7.4,1.00E+07
88,7.5,9.00E+07
147,8,1.50E+07
117,6,4.50E+07
112,6.9,2.80E+07
163,7.6,7.00E+07
87,6.2,2.40E+07
119,6.4,5.00E+07
115,6.1,5.00E+07
88,7.8,1750211
95,6.5,NA
98,5.9,3.00E+07
82,2.8,1500000
109,6.9,NA
86,4.5,NA
97,6.9,650000
112,5.9,4.00E+07
105,6.3,4.60E+07
95,6.6,5.00E+06
94,6.1,1.80E+07
80,3.3,3.00E+06
101,5.5,1.50E+07
95,6.7,1.00E+07
90,4.6,1.40E+07
120,7.5,1.10E+07
90,6.6,1100
95,7,5.00E+06
83,6.9,NA
170,7.9,1.70E+07
94,4.9,6.50E+07
101,6.5,21500000
102,6.8,16500000
90,5.7,1.00E+06
98,5.9,1.70E+07
106,7.6,2.00E+06
84,6.3,1500000
128,8,1.20E+07
104,7.1,2500000
109,7.4,3.00E+07
107,4.8,2.50E+07
86,6.8,1700000
95,5.1,3.00E+07
99,7,6400000
121,6,6.50E+07
119,6.7,2.80E+07
104,6.2,6.00E+06
138,8,2.50E+07
92,5.7,3.20E+07
128,7.3,NA
99,5.9,2.00E+07
97,6.6,2.50E+07
92,6.9,4.00E+05
105,7.2,7500000
98,7.4,1.50E+07
131,6.9,1.00E+08
107,6.5,7.00E+05
97,3.4,NA
115,7.8,1.20E+07
132,6.5,6.60E+07
97,6.4,1.80E+07
92,6,3.50E+07
96,7.1,2.00E+07
121,8.1,3800000
98,6,5.00E+05
110,6.6,2.00E+07
90,5.8,3.00E+06
103,7.2,1.50E+07
121,6.2,3.60E+07
97,5.6,8.00E+06
107,6.4,8.00E+06
113,5.7,5.60E+07
91,4.8,3.00E+07
124,6.4,1.50E+07
136,6.7,1.40E+07
95,6.4,9000
84,5.9,3.00E+06
98,6.1,9500000
104,6.7,1.00E+06
92,7.1,1250000
132,7.2,1.00E+07
90,6.7,9.00E+06
108,6.4,1.10E+08
105,5.9,1.50E+08
98,6.2,1.27E+08
96,8,114000
104,6.5,4200000
117,7.9,8500000
99,6.4,5.00E+06
96,6,3.70E+07
118,5.8,8.00E+07
83,5.5,2.00E+06
99,6.4,4.00E+07
212,7.1,5.00E+07
122,8.1,2.50E+07
102,8.3,2.00E+06
103,6.8,5.00E+06
84,5.6,13200000
88,4.9,2.00E+06
104,6.3,2.80E+07
108,6.2,2.50E+07
138,5.8,1.25E+08
106,7,5.00E+07
126,7.3,3.50E+07
103,6.4,1900000
99,5.7,1.60E+07
93,5.1,6.00E+05
99,6.1,8.00E+06
92,7.4,1.50E+07
90,6.3,NA
98,6.7,2.50E+07
124,7,4.20E+07
95,5.8,6.00E+06
103,7.2,NA
125,7.3,7.50E+07
129,6.9,9.00E+07
98,7.2,NA
94,5.5,1.50E+07
110,6.3,2.40E+07
109,4.3,6.50E+07
95,6.2,5.00E+06
107,7.8,2.60E+07
124,7,1.20E+08
86,5.8,1.80E+07
84,6.8,NA
116,7.8,8.50E+07
122,6.9,8.50E+07
125,6.4,1.10E+08
104,7.8,4.00E+07
107,6.8,NA
131,6.6,27500000
104,6.5,5.00E+06
89,7.8,1.00E+07
88,5.4,3.50E+07
76,6.7,3.00E+05
88,7.2,2.40E+07
120,8.4,3.00E+06
130,6.9,5.00E+07
153,7.5,1.00E+07
119,6.5,7.00E+07
101,4.4,5.00E+07
142,6.8,7.00E+06
85,4.1,1.60E+07
86,6.9,NA
137,6.1,2.50E+07
108,8.2,910000
85,7.9,180000
97,7.3,1.00E+06
251,8.4,3.00E+07
102,6.4,2.90E+07
111,6.8,1.20E+07
107,7,1.50E+07
106,4.1,1.00E+07
133,8.7,4400000
91,5.3,4.00E+07
96,6.8,1.20E+07
121,6.2,11350000
87,3.9,2.70E+07
123,6.3,2.00E+07
127,7,3.00E+07
90,5.7,4800000
99,6.7,6.00E+06
139,7.5,2.20E+07
85,5.5,3.00E+06
83,6.2,8.50E+07
68,7.1,NA
79,5.7,5.00E+05
126,8.1,NA
124,7.8,6.00E+06
92,6.2,1.00E+06
118,6,4.20E+07
123,7,NA
83,7.4,46000
132,6.7,1.60E+07
95,6.2,7.00E+07
89,4.4,5.00E+06
107,6.1,2.80E+07
103,4.9,1.40E+07
90,6.4,5.00E+06
108,6.4,NA
89,6.3,1.10E+07
161,7.2,3.10E+07
123,7,4.80E+07
100,7.3,NA
92,4.7,NA
116,6.8,2.20E+07
114,6.5,5.00E+07
127,6.6,5.00E+07
96,6.4,7.00E+06
95,5.2,1.00E+07
83,6.8,8.00E+07
104,7.2,1.00E+07
126,7.1,3.00E+07
133,7.2,1.50E+08
131,7,1.90E+08
95,7.2,5.50E+07
129,6.5,2.60E+07
158,6.7,2.00E+07
115,7.3,6900000
100,6.3,NA
111,5.8,1.50E+08
124,6.6,1.50E+07
108,6.8,3.30E+07
112,6.8,4.80E+07
84,5.8,2.00E+07
109,6.4,1.20E+07
84,6.3,15000
98,5.7,3.00E+06
94,5.8,5.00E+06
96,4.6,5.00E+06
101,5,5.00E+06
92,7,6.00E+07
105,6.1,2.50E+07
120,7.3,1.30E+07
118,6.2,3.50E+07
98,6.3,5.00E+06
114,6.5,2.00E+07
106,7.4,4638783
115,6.7,5.00E+07
95,6,8.00E+06
117,6.9,4.50E+07
172,8,1.20E+07
109,7,4.00E+07
91,5.2,2.60E+07
94,4.4,3.00E+07
123,7.2,4.00E+07
90,7.1,5.00E+07
119,6.3,6.00E+07
79,6.5,8.00E+06
80,8.3,70000
120,7.3,1.00E+07
184,6.1,1.40E+08
95,5.3,1.50E+07
103,6.3,1.80E+07
92,6.7,1.32E+08
99,5.8,1.00E+05
100,5.5,2.20E+07
118,5.9,9.50E+07
106,5.9,9.00E+07
147,7.5,5.00E+07
89,8,7300000
103,6.6,11500000
102,7.3,6.50E+07
97,6.5,3.00E+06
99,3,3.00E+06
123,6.4,3.20E+07
125,7.7,2.60E+07
98,7.6,1.20E+07
81,7.1,1.30E+07
84,7.5,60000
80,7.1,3.00E+05
117,7,2.70E+07
108,6.1,10000
65,6.7,27000
97,7.4,1200000
88,7.5,2600000
88,5.5,2.40E+07
169,7.1,3.00E+08
151,7.3,2.25E+08
136,6.7,2.50E+08
143,8.1,1.40E+08
112,7.1,2.30E+07
112,7.2,1.70E+07
115,6.5,2.90E+07
106,5.6,8.80E+07
91,6.1,7.00E+07
119,5.7,1.00E+08
102,6,1.00E+07
120,8.1,6.00E+06
124,5.4,2.40E+07
105,5.7,3.50E+07
90,6.6,NA
99,5.4,NA
84,6.6,5.50E+07
136,7.3,2900000
109,5.9,1.40E+07
92,7.4,3.00E+06
114,5.3,1.05E+08
93,5.6,1.60E+07
96,6.7,4500000
83,3.3,6200000
127,7.3,NA
122,7,6.00E+06
120,7.4,10700000
98,4.5,10500000
105,5.6,8.00E+07
95,6.7,1500000
68,6.4,2.00E+07
99,7,4.00E+06
81,5.2,3.00E+06
94,6.2,4.00E+06
98,5.6,1.60E+08
88,5.3,1.50E+07
103,6.2,5.00E+05
104,5.1,7500000
104,6.1,4.80E+07
109,7.3,1.00E+07
107,7.8,1.50E+07
103,6.2,3.50E+07
107,6.4,4.00E+07
106,6.8,8.00E+06
91,6.5,3.50E+07
96,5.9,2.00E+07
125,6.9,1.40E+07
135,7.8,2.80E+07
130,6.7,3.00E+07
108,5.8,2.80E+07
87,5.7,6.00E+07
143,6.7,6.50E+07
77,7,7000
116,6.6,2.00E+08
97,6.2,9.00E+06
102,5.9,1300000
153,8.1,4.60E+07
109,6.1,1.00E+07
106,6.4,1.20E+07
93,6.7,1.20E+07
104,5.4,8.00E+06
89,3.9,2.00E+07
124,7,1.30E+08
106,6.6,1.50E+07
135,6.2,6.50E+07
102,5.4,1.20E+07
108,8.5,806947
85,6.3,1500000
140,7,1.00E+08
178,8.9,8.00E+06
90,4.7,2.00E+07
95,7.3,2.50E+07
103,6,3.50E+07
103,6.6,4.00E+06
124,6,3.80E+07
103,5.6,1500000
106,6.7,2.00E+08
89,6,1.20E+07
98,6.8,1.10E+07
101,5.2,3.50E+07
119,6.8,2.00E+07
124,7.4,13500000
90,7.1,4.00E+05
171,7.2,7623000
96,5.6,1.30E+08
99,6.1,5500000
94,7.5,6.00E+06
91,7,5.00E+06
134,7.1,NA
98,5.7,6.50E+07
113,6.7,NA
102,5.2,NA
109,6.9,3.50E+07
88,7.6,1.60E+07
114,6.9,3.50E+07
121,8.3,1.80E+07
115,8.5,1.80E+07
133,8,2.50E+07
119,4.7,3.60E+07
103,5.9,1.50E+07
91,6,1.20E+07
119,6,5.00E+07
88,7.2,8.00E+05
87,5.7,6.30E+07
96,6.4,4.40E+07
103,6.7,1.50E+07
80,6.3,NA
133,5.1,6.40E+07
157,8.4,NA
107,7.2,1.35E+08
139,6.6,8.00E+07
107,6.4,2.00E+07
112,6.4,4.80E+07
111,8,1.50E+08
101,7.1,1.20E+07
178,7.7,4.00E+07
88,5.1,9500000
107,5.3,2.40E+07
127,7.1,1.10E+08
90,7,3.00E+06
130,8.2,1288000
82,6.5,2.30E+07
111,7.1,5.80E+07
116,6.7,8.40E+07
114,6.4,16900000
92,7.5,8500000
124,7.2,7.80E+07
85,6.5,2.60E+07
114,6.2,1.40E+07
106,5.7,7.00E+07
100,5.4,4.20E+07
126,7.8,3.00E+06
89,5,17900000
88,6.2,4.00E+06
125,5.9,5.80E+07
90,6.2,5.00E+06
99,6.8,7.00E+06
95,5.9,NA
195,7.5,3.50E+07
106,5.7,NA
101,6.2,6.00E+07
124,7.5,2.00E+07
124,5.7,3.40E+07
101,7.7,2500000
113,7.2,1.60E+07
120,7.8,3.00E+07
105,6.7,1.40E+07
128,6.1,4.00E+07
122,6.8,27500000
84,5.9,1.00E+07
135,7,4.00E+07
92,6.9,1500000
119,6.3,3.20E+07
150,6.7,8500000
102,8.4,4500000
120,7.3,1.00E+07
99,8.4,1200000
100,6.7,3.30E+07
97,5.9,6.00E+07
98,6.2,4.50E+07
94,6.3,4.50E+07
96,5.4,6.50E+07
180,7.2,NA
92,4,NA
112,6.8,1.30E+07
115,6.9,2.40E+07
72,5.8,2.00E+07
109,6.7,2.50E+07
102,5.1,1.10E+07
119,7.3,3.50E+07
104,7.5,6.00E+06
127,6.4,3.80E+07
99,6.2,2.50E+07
102,5.9,4.00E+07
148,6.8,3.50E+07
105,7.9,NA
132,6.4,4.80E+07
101,6,6.00E+07
96,7,9.00E+07
101,6.4,1.03E+08
110,6.7,3.00E+07
97,7.3,1.45E+08
105,7.6,9.30E+07
107,6.3,2.00E+07
99,7.1,1900000
86,7.1,NA
98,6.1,1500000
114,6.5,1.70E+07
117,7.7,8.00E+07
94,6.5,15600000
102,6.4,1.70E+07
139,6.9,2.80E+07
106,6.6,5.00E+06
156,6.7,2.00E+08
155,6.9,4.80E+07
117,6.2,1.00E+08
104,3.9,23500000
89,7.1,2500000
91,6.3,7.50E+07
136,5.9,7.50E+07
105,6.2,5.70E+07
90,4.6,2.00E+06
150,7.5,NA
145,8.1,960000
139,7.2,2.40E+07
91,7.5,160000
101,6.9,2.80E+07
112,6,NA
98,3,7.00E+07
105,6.3,NA
120,6.8,14500000
100,6.6,11500000
115,6.1,2.50E+07
122,7.3,5.50E+07
118,8.3,1.30E+07
136,8,2300000
103,6.6,5.00E+06
121,7.4,1.20E+07
82,5.8,5.00E+05
114,7.2,8.00E+05
105,7.5,5.00E+06
80,5.6,2.50E+07
78,6.1,3.00E+07
114,6.6,5.00E+07
116,5.5,7.00E+07
88,5.6,3.00E+07
122,7.4,1.70E+07
122,6.2,1.20E+07
123,8.1,3.80E+07
90,6.6,9.00E+07
91,6.2,1.40E+08
93,7.7,9.00E+06
117,6,8.00E+07
109,5.7,3.50E+07
94,6.5,3.00E+07
115,6.7,2.80E+07
115,6.8,8.50E+07
88,6.1,1.00E+06
86,7,750000
124,6,1.30E+08
85,5.8,3800000
98,7.6,6.00E+06
90,6.8,780000
101,6.4,1.10E+08
122,7.5,4500000
96,5.3,9.00E+06
102,8.5,4.00E+06
114,6.1,1.10E+08
108,5.9,3.00E+07
109,7.2,1.00E+06
89,7.5,1.90E+07
97,5.9,4600000
141,6.5,4.50E+07
112,6.1,1.30E+07
92,6.9,5.00E+06
96,7.6,NA
125,7.5,3.50E+07
169,8.6,7.00E+07
96,5.9,2.20E+07
103,7.7,1200000
95,6.6,4.00E+06
121,6.2,1.00E+07
96,5.9,1.00E+07
95,5.8,10800000
92,6,1.10E+07
95,4.9,2.50E+07
142,8.3,2.50E+07
83,5.2,4.50E+07
84,5.5,4.80E+07
89,5.1,4.50E+07
88,3.5,2.00E+07
185,8.9,2.20E+07
121,5.8,6500000
108,5.9,2.00E+07
108,7.1,3.50E+07
86,4.9,8.40E+07
93,4.9,8.00E+07
96,6.7,4.00E+06
112,7.5,6.00E+07
95,7.3,5.00E+05
103,7.2,1.50E+07
120,6.1,2.40E+07
116,5.5,4.00E+07
111,6.2,4.00E+07
81,5.7,1.00E+07
101,7,3.20E+07
127,8.6,3.30E+07
113,6.8,1.90E+07
140,7.3,8.70E+07
111,7.6,3.00E+07
111,6.2,19500000
96,6.6,4.00E+07
123,7.2,3.50E+07
104,7.1,4.00E+06
94,5.4,3.50E+07
88,4.9,1.20E+07
101,6.7,1.00E+07
127,6.7,2.00E+07
117,6.5,2.60E+07
128,7.5,2.00E+07
99,5.8,5.50E+07
136,7.7,16500000
111,5.8,1.10E+07
82,6.9,2.80E+07
119,8,4.00E+07
95,6.7,1.30E+07
99,5.3,2.90E+07
100,6.5,1500000
123,6.8,9.00E+06
123,7.7,5.50E+07
110,7.2,1.50E+07
136,7,7.00E+07
102,5.5,9.50E+07
90,6.6,5.00E+06
146,4.3,1.00E+08
129,6.5,1.90E+07
94,5.1,4.00E+07
100,7.2,1200000
89,7.3,NA
93,5.7,3.90E+07
101,6.4,6800000
103,4.9,4.50E+07
92,6.9,8.00E+06
115,7.4,2.20E+07
99,5.9,4.60E+07
123,7.2,2.50E+07
113,5.5,1455000
106,6.1,5.00E+07
114,5.9,4.00E+07
101,7.3,6500000
100,6.3,NA
114,6.2,5.00E+07
110,6.6,5.50E+07
97,3,1.70E+07
92,3.4,2.00E+06
90,6,7.50E+07
97,3.3,1.00E+06
98,6.7,2.00E+07
99,7.2,6.00E+06
99,8,4.00E+06
95,5.8,1.00E+07
88,6.5,175000
104,6.4,2.00E+07
105,6.4,2.00E+07
96,6.1,3500000
66,6.5,2.00E+05
103,7.4,1600000
117,4.8,2.50E+07
128,7.6,9.00E+07
129,7.5,1.25E+08
96,6.6,2.00E+06
105,7.7,5500000
122,7.2,NA
124,7.2,6.10E+07
99,6.6,3.00E+06
106,6.4,NA
101,6.5,2.00E+06
89,4.9,4.00E+07
92,7.3,NA
108,7,2295429
97,6,9.00E+05
79,6,8.00E+06
131,4.6,4.50E+07
90,7.9,6.00E+07
93,7.2,1.50E+08
93,6.4,1.65E+08
93,6.1,1.60E+08
90,5.2,8.00E+06
138,8.1,8.00E+07
121,7.6,3.00E+07
123,8,9.00E+06
106,7.1,3.00E+07
126,7.5,1.20E+07
106,6.7,7.20E+07
132,6.6,5.00E+07
95,5,2.00E+07
86,5.3,2.00E+06
87,6.7,4400000
89,6.7,1.00E+06
88,5.6,9.00E+06
122,7.8,2.10E+07
133,7.2,2.60E+07
114,6.9,3.00E+07
96,5.3,6.00E+06
147,8.1,4.00E+07
102,6.5,6.50E+07
85,6.7,6.00E+07
103,8.3,2540800
110,6.8,3.00E+06
97,5.2,1.00E+07
104,7.5,NA
91,6.7,2.00E+06
98,5.7,7.00E+07
96,5.7,9.00E+06
106,6.1,7.00E+07
100,6.2,3.50E+07
143,7.8,2.00E+08
97,4.4,1.00E+07
100,7.1,23000
102,5.3,2.00E+06
86,5.3,1.10E+07
100,7.2,1.00E+06
90,5.9,2500000
89,7.3,2.00E+06
147,7.5,4.40E+07
89,5.3,1.00E+07
99,6.8,9.00E+06
148,8,890000
95,6.5,15500000
93,5.9,15500000
84,6.9,NA
120,8,1.50E+07
91,6.6,5.00E+06
96,6.1,2.00E+06
108,6.1,4.00E+07
94,6.7,1.80E+07
121,6.4,3.50E+07
89,7.2,2.00E+06
109,6.7,1.70E+07
98,5.9,6.90E+07
105,5.6,3.30E+07
104,8.3,6.00E+06
112,6.5,1.50E+07
107,6.9,NA
89,4.9,1.30E+07
99,5.1,3.50E+07
127,6.8,3.60E+07
104,6.1,6.00E+06
80,5.3,7.00E+06
132,6.1,1.70E+08
83,7.7,2.00E+06
83,2.2,1.00E+06
100,6.3,2.60E+07
126,7,39200000
115,8.1,1.00E+06
99,6,7.50E+07
90,6.4,1.50E+07
141,6.2,5.00E+06
97,6.4,3.00E+05
120,8.3,2883848
97,6.1,2.30E+07
128,6.7,8.00E+07
112,5.9,3.50E+07
95,4.8,3.00E+06
97,6.3,7.00E+06
103,7.3,5100000
170,5.6,2.20E+07
94,2.2,8.40E+07
86,5.8,6.00E+06
109,7.3,1800000
92,7.7,1.20E+07
93,5.4,1.20E+07
101,5.1,1.60E+07
115,6.9,7500000
99,7.3,4.00E+06
100,6.5,NA
92,4.4,1.60E+07
106,7.1,1.80E+07
84,3.9,1.40E+07
85,6.7,NA
93,7.5,3.20E+07
160,5.5,1.70E+07
124,7.5,3.00E+07
138,6.1,1.20E+07
81,4.5,3.70E+07
130,6.4,6.50E+07
88,6.3,8.00E+07
96,7.1,22700000
100,5.3,3.00E+06
131,6.5,8.00E+07
116,5.7,1.70E+07
98,5.2,4.00E+07
81,6.9,1.00E+06
108,5.8,3.50E+07
148,6.8,2.45E+08
116,7.2,2.50E+07
121,3.7,1.60E+08
135,6.1,1.20E+08
105,5.2,1.00E+06
95,7.6,1696377
134,6,7.50E+07
118,5.2,1.40E+07
93,3.3,2.50E+07
98,6.8,8.00E+06
121,7.3,1.39E+08
135,7.3,2.00E+08
156,6.2,2.58E+08
83,7,8.00E+07
111,6.2,8.00E+06
104,5.8,2.60E+07
96,6.2,7.00E+06
128,8.1,2.00E+07
94,5.3,5.00E+06
106,6.8,2.00E+06
114,7,9.20E+07
81,5.3,1.80E+07
88,5.4,3.50E+07
84,4.1,3.80E+07
100,5.8,13500000
102,7.3,1.30E+07
98,6.5,650000
90,3.6,NA
89,8.1,8.00E+06
118,7.5,NA
105,3.4,NA
127,8,1.50E+08
122,7.5,1.85E+08
116,7.7,1.10E+07
105,6.6,1.70E+07
132,7.8,1.90E+08
119,7.3,2.50E+07
107,5.4,27800000
110,7.2,3.00E+07
111,7.6,4.50E+07
118,6.6,3.50E+07
103,6.4,5.80E+07
116,6.4,6.00E+07
143,6.4,3.50E+07
136,6.5,1.15E+08
142,6.7,1.15E+08
140,7.6,1.13E+08
127,7.7,7.00E+07
97,7.4,NA
129,7.2,1.05E+08
101,6.1,6.00E+07
103,7.4,4.00E+05
100,7.1,NA
127,7.1,NA
75,5.1,9.00E+06
85,5.1,2.50E+07
121,5,1.35E+08
103,6.9,2127519898
97,2.8,1.60E+07
106,6.9,6.50E+07
104,6.5,1.20E+07
98,6.2,2.30E+07
107,6.2,3.00E+07
99,6.5,3.30E+07
124,6.7,5.00E+07
122,7.2,3.00E+07
103,6.4,NA
94,6.4,NA
103,6.2,2.90E+07
101,7.5,5.00E+06
99,7,1.20E+07
86,5.7,NA
99,6.8,1.20E+07
96,5.5,3.50E+07
91,6.5,1500000
109,5.2,1.40E+07
105,5.4,2.20E+07
88,5.9,1.70E+07
129,4.5,13500000
112,6.5,2.50E+07
91,5.7,2.00E+06
167,7.9,2.80E+07
87,5.3,2.00E+07
113,7.6,3.80E+07
112,5.2,1.00E+07
110,5.8,2.50E+07
102,3.8,3.50E+07
96,3.7,1.80E+07
109,6.8,2.00E+07
117,6.9,1.00E+07
117,4.3,4.00E+07
84,5.9,1.33E+08
77,5.4,1.20E+08
118,5.8,5.50E+07
87,5,2500000
113,5.3,1800000
97,7.3,NA
98,6.5,1.70E+07
128,6.1,8.20E+07
123,5.9,1.00E+07
92,6.1,250000
123,6.9,1.75E+08
108,4.9,3.40E+07
142,6.6,2.20E+07
98,7.4,2700000
107,7.3,2.60E+07
91,6.9,8.00E+06
141,6.9,5600000
96,6.8,2500000
112,7.1,5.00E+07
104,4,4.20E+07
100,7.3,65000
100,7.1,1200000
88,1.9,2.00E+07
119,7.6,2.00E+07
80,4,NA
82,4.5,3.50E+07
188,7.3,5.50E+07
116,6.8,5.40E+07
125,4.9,3.90E+07
134,3.6,1.70E+07
169,6.1,2.09E+08
91,4.8,6.50E+07
81,5,1.40E+07
87,6.3,NA
85,6.8,1.00E+08
85,4.7,6.00E+06
89,6.3,8.00E+07
90,5,4.00E+06
96,5.6,2.00E+07
99,5.9,2.70E+07
154,7,2.00E+07
108,6.1,3.80E+07
119,6.7,4.00E+07
97,5.5,5.00E+05
96,4.6,8.00E+06
89,3.6,1.00E+07
85,5,8500000
102,6.8,NA
120,6.1,2.10E+07
96,7.4,2.00E+05
118,6.4,3.70E+07
99,6.5,8.00E+07
108,6.3,16500000
124,7.5,2.10E+07
128,7,5.00E+07
78,6.3,150000
97,6.3,2.30E+07
121,7.4,5.00E+06
118,6.7,3.00E+07
93,7.9,2.50E+07
98,6.3,4.50E+07
115,6,4.80E+07
107,6.2,2.00E+07
120,6.7,3.00E+07
92,6.7,1.30E+07
98,6.1,6.00E+06
110,7.3,4.00E+06
122,6.6,7.30E+07
100,4.9,2.00E+07
100,7.8,2.60E+08
115,7.2,7.00E+08
97,6.3,5.50E+07
104,5.2,2.50E+07
96,5.9,3.00E+06
88,7.2,218
110,8.3,1300000
53,7.7,1.00E+06
117,6.9,1.20E+07
74,5.8,1.00E+07
98,7.2,3.00E+07
142,6.6,7.00E+07
112,7,5.00E+07
125,6.4,6.80E+07
95,3.2,3.00E+06
101,5.9,1.25E+08
88,6,2.50E+07
96,4.8,1.70E+07
112,6.3,1.35E+08
94,5.4,NA
153,8.5,1.02E+08
109,6.4,2.00E+08
126,6.6,1.55E+08
118,6.6,2.00E+08
92,4.8,1.10E+07
110,5.2,3.80E+07
92,7.6,6500000
116,5.6,7.00E+07
94,6.1,8.00E+06
149,6.9,2.60E+07
102,6.6,8.50E+07
127,6.9,2.60E+07
112,5.2,3.80E+07
123,5.9,8.20E+07
171,7.6,69500000
99,6.8,3.80E+07
106,7.1,50200000
100,5.4,2.50E+07
73,5.8,1.70E+07
104,6.3,4.00E+07
108,6.2,6500000
90,5.3,2.50E+07
95,3.8,1.00E+08
92,4.1,7.60E+07
107,7.4,1.35E+08
112,7.2,2.50E+07
139,7.2,3.00E+07
137,6,1.07E+08
153,7,2.30E+08
142,6.7,2.00E+08
105,6.3,2.00E+07
114,6.8,6.20E+07
90,6,1.90E+07
115,7.2,6500000
97,6.3,7.30E+07
84,4.8,2.20E+07
88,5.9,5.00E+07
125,8.3,3.00E+06
134,7.2,5.00E+06
83,4.1,1.70E+07
83,6.6,NA
116,5.7,4.00E+07
100,8,1.50E+07
160,7.5,3.00E+07
109,5.3,3.40E+07
104,6.3,1.30E+07
173,8.1,2.20E+08
170,7.5,1.10E+08
107,6.5,3.00E+06
102,7.3,NA
121,7.3,3716946
112,6.7,1500000
98,5.6,1.00E+07
111,7.3,2.00E+07
87,4.8,4.00E+06
79,6.1,1.00E+06
119,6.6,5.00E+07
80,6.7,210000
90,6.2,8.00E+06
91,6.7,2.10E+07
98,7.2,1500000
75,5.6,3.30E+07
124,7.3,1.00E+07
114,5.8,3.50E+07
120,6.7,9.00E+06
123,6.7,1.70E+07
118,6.7,2.60E+07
172,8.1,2100000
98,6.1,3500000
117,6.8,1.40E+08
88,4.9,5.00E+07
91,6.1,1.30E+07
117,8.2,1.50E+07
151,8.3,245000
130,7.8,2.80E+07
114,5.6,NA
86,6.3,4.00E+06
89,5.6,3.50E+07
100,6.2,4.10E+07
120,5.4,1.00E+07
121,5.6,5.00E+07
98,5.9,2.00E+07
118,7.4,2700000
81,6.4,60000
129,7.7,2.90E+07
90,6.5,1.00E+07
83,6.5,NA
97,6.3,12500000
104,5.7,4500000
148,7.9,2.70E+07
129,6.1,2.50E+07
118,6.7,4.80E+07
118,6.9,8.00E+07
95,7.3,5.00E+07
120,3.3,2.00E+06
131,7.6,1.90E+07
102,7.9,7.00E+06
138,6.3,8.00E+06
89,5.8,2.90E+07
99,5.3,2.90E+07
132,7,2.50E+07
110,5.5,4.00E+07
119,7.9,6.00E+07
135,6.7,1.25E+08
108,7.8,7.50E+07
115,8.1,1.10E+08
115,5.6,1.60E+07
96,6.8,6.00E+07
97,6,1.00E+07
91,4.6,4.00E+06
125,7,1.20E+07
70,4.1,62000
101,6.4,9.00E+05
90,7.3,2300000
106,5.8,5.20E+07
120,5.1,2.40E+07
161,8.2,3.00E+06
135,7.5,3.50E+07
100,6.3,379000
94,7,1.00E+06
106,6.3,6.00E+06
114,6.9,2.00E+07
118,5.9,8.80E+07
98,6.6,25000
93,5.3,1.00E+07
93,5,1.00E+07
97,7.4,4.50E+07
103,6.9,2.00E+05
84,6.4,NA
120,7.7,1.30E+07
95,7,3.00E+07
96,6,4.70E+07
94,6.7,1.30E+07
47,7.3,50000
108,5.8,NA
85,6.2,9.50E+07
99,3.9,250000
82,3.8,1.09E+08
93,5.1,3.00E+07
105,6,NA
109,6.3,3.30E+07
118,6.4,5.20E+07
100,7.1,1200000
100,5.8,NA
150,6.6,2.25E+08
150,6.9,1.80E+08
113,6.3,1.55E+08
134,6.7,1.05E+08
108,7,6800000
90,7.5,10000
117,6.4,8300000
115,6.5,2.00E+07
98,5.3,1.50E+07
119,6.7,4.50E+07
93,4.9,2.00E+07
82,6.1,1.00E+07
119,7,13800000
154,7.8,1.50E+07
112,7.5,2.00E+07
134,7.8,4.00E+07
122,7,2.50E+07
129,7.5,1.50E+07
126,7,2.00E+07
113,7.9,1600000
97,3.6,NA
101,7,3200000
135,5.4,6.00E+07
110,6,3.00E+07
92,6.2,2500000
123,6.5,5.80E+07
138,5.3,2.50E+07
131,7.7,3.50E+07
88,4,3.50E+07
97,5.3,2.00E+07
101,6.2,1.50E+07
101,6.5,2.00E+07
88,5.6,2.30E+07
90,5.4,1.30E+07
98,7.3,1.35E+08
98,7.6,2.30E+07
100,6,11500000
112,7.3,2300000
111,7.4,1.00E+06
166,7.8,1.50E+08
89,4.5,2.00E+06
103,6.8,2.60E+07
85,7.5,3.00E+07
174,6.6,1.25E+08
98,7.6,1.00E+07
104,7.1,1.20E+07
80,6.1,5.00E+05
152,9,1.85E+08
164,8.5,2.50E+08
89,4.9,3.00E+07
124,6.4,1.25E+08
104,5.5,8.00E+07
93,6.7,NA
103,7.2,1.00E+07
97,5.9,2.20E+07
113,6.9,2.00E+07
106,6.3,4.00E+07
183,8.2,1.50E+07
151,8.5,9.00E+07
115,7.3,2.00E+07
100,7.2,3500000
136,7.5,5.70E+07
109,7.1,1.50E+07
111,6.1,8.60E+07
109,6.9,7.00E+06
90,3.8,1.00E+07
83,4.2,1.00E+06
109,6.8,3.50E+07
102,6.9,2.00E+06
99,6.4,6.50E+07
111,5.3,7.00E+07
83,6.7,NA
122,5.8,3.00E+06
101,4.8,2.00E+06
140,7.2,3.80E+07
110,6.9,13500000
101,6.5,8500000
107,5.1,5.00E+07
116,6.9,6500000
86,6.2,NA
117,6.9,NA
139,6.6,5.00E+06
124,8.2,5.00E+06
109,6.9,12500000
78,7.3,1.00E+08
102,7.2,2.30E+07
162,7.4,2.70E+07
132,7.2,5.50E+07
96,7.6,375000
122,6.7,2.00E+07
132,8,8.00E+06
113,6.5,8.00E+07
103,6.7,9.20E+07
131,6.1,9.00E+07
79,6.3,NA
130,7.3,4.00E+07
108,5.9,7.00E+06
92,5.4,1.20E+07
101,4.7,NA
104,6.4,1.50E+07
172,6.7,1.90E+07
125,6.7,6.00E+07
103,6.3,1.70E+07
116,5.8,5.50E+07
106,6.7,3.80E+07
104,6,8.50E+07
133,7.8,1.20E+07
126,7.7,9.30E+07
128,6.2,2.80E+07
116,7.9,2.50E+07
82,5.2,4.00E+07
117,6.8,NA
154,6.8,4.20E+07
103,6.2,2.60E+07
137,7.6,2.40E+07
131,6.2,3.00E+07
91,4.8,4.50E+07
90,3.6,6.00E+07
89,6.8,1.00E+06
104,6.6,5.50E+07
93,4.8,1.00E+07
90,5.3,5.00E+06
96,7.3,3.50E+07
125,6.5,3.50E+07
107,7.2,NA
98,5.9,1.00E+07
82,5.6,60000
104,7.8,1800000
105,7.3,4.00E+06
95,4.4,250000
105,6.4,27220000
130,7.8,4.40E+07
91,7.2,3500000
99,6.6,12500000
81,4.2,1.00E+05
111,6,2.50E+07
129,7.8,5.00E+07
101,6.2,2.00E+07
110,6.2,2.20E+07
101,7.6,NA
116,6.3,9.50E+07
110,6.8,5.50E+07
128,7.2,4.50E+07
108,7.1,5.00E+06
110,6.8,2.50E+07
105,6,NA
158,7.8,9.00E+07
97,6.5,2.50E+07
106,5.8,3.00E+07
91,5.3,4.50E+07
175,9.2,6.00E+06
220,9,1.30E+07
170,7.6,5.40E+07
94,5.9,2.50E+07
113,6.1,1.80E+08
93,6.8,NA
105,6.1,3.20E+07
93,6.5,5.00E+06
90,5.9,8.00E+06
99,6.9,3800000
93,5.9,1.50E+07
109,6.6,2.50E+07
89,5.8,NA
99,8.1,2.50E+07
126,7.6,1.50E+07
172,8.3,4.00E+06
143,7.3,1.05E+08
132,6.7,8.00E+07
110,7,6.00E+06
96,6.7,6.00E+06
120,7.5,NA
90,6.6,1500000
152,6.7,4.00E+06
225,6.6,2.00E+07
119,5.8,1.20E+08
100,5.4,6.00E+06
189,8.5,6.00E+07
117,6.8,2.50E+07
98,5.9,1.00E+07
137,5,2.00E+07
96,7.3,6.00E+06
95,5.8,4.00E+07
115,5.8,4.00E+07
94,5.4,1.10E+07
88,7.3,850000
108,7.8,3.50E+07
102,6.5,8.00E+07
91,5,4.80E+07
187,7.9,4.40E+07
88,4.9,9.00E+07
113,4.9,8.00E+07
101,5.3,9.00E+06
82,3.8,5.00E+06
96,6.7,7.00E+06
123,6.6,4.30E+07
87,6.2,1.00E+06
146,8.1,2.50E+07
108,6.4,1.50E+07
89,5.1,1.50E+07
109,6.9,2.00E+06
90,5.4,6.00E+06
109,6.8,5.00E+07
116,6.7,2.50E+07
182,7.9,1.80E+08
164,7.5,2.50E+08
186,7.9,2.25E+08
92,5.7,1.20E+07
138,6.9,8.50E+07
122,6.6,1.60E+07
93,7.4,160000
170,6.5,6.00E+07
110,7,12215500000
109,6,7500000
114,7.6,2.50E+07
97,5.5,2.50E+07
135,7.1,1.00E+07
95,6.4,9.00E+05
91,6.6,1.00E+06
111,7.3,3.00E+07
91,6.9,1.00E+08
122,7.3,2.20E+07
142,7.3,7.80E+07
146,7.6,1.30E+08
123,6.7,1.25E+08
137,6.6,1.60E+08
135,7.6,3.00E+07
94,6,5.50E+07
101,6.9,2.50E+07
120,6.1,1.15E+08
146,7.6,3.80E+07
131,7.6,1.50E+07
134,8,2.00E+06
90,6.1,8800000
91,5.7,9.00E+06
112,7.5,1.80E+07
106,6.9,1.00E+07
101,7.1,12500000
110,7.6,1.60E+07
81,7.4,50000
123,6.8,4.00E+07
114,8.1,1.40E+07
120,6.6,1.60E+07
97,6.9,1.50E+07
105,4.6,1.50E+07
100,5.9,3.00E+07
135,6.8,1.50E+08
115,8,9.20E+07
96,5.9,4.50E+07
127,7.3,2.50E+07
108,6.5,2.10E+07
98,5.1,1.80E+07
110,6.5,NA
101,5.5,750000
157,7.9,6.80E+07
121,7.2,3.50E+07
118,6.5,5.00E+07
125,6.3,5.80E+07
128,6.4,8.00E+07
112,6.6,4.40E+07
99,5.9,8.00E+07
100,6.4,18500000
90,8,7.00E+07
105,6.4,1.30E+07
136,6.9,1.26E+08
99,4.4,4.00E+07
111,7,6.00E+07
124,6.3,6.00E+07
94,7.1,2.90E+07
82,4.6,NA
96,5.4,1500000
96,6.5,5.00E+06
141,7.4,5.00E+07
106,7.8,1.75E+08
72,5.4,2.00E+07
118,5.6,4.40E+07
126,7.2,8.00E+06
83,6.5,650000
104,6.1,6.00E+07
106,7.1,3500000
109,6.1,1.30E+07
118,8,1.50E+07
110,7.1,7.00E+07
128,7.6,2.00E+07
84,5.1,1.10E+07
92,7.7,2300000
104,6.2,3.50E+07
99,6.8,4.00E+07
69,7.3,12500000
111,6.3,NA
103,4.2,1.50E+08
98,6.9,NA
131,6.9,6.00E+07
98,5.5,7.00E+06
109,6.9,1.00E+07
219,7.8,2.30E+07
87,5.6,1800000
93,4,5.00E+06
94,5.9,NA
100,3.6,13400000
114,6.6,1.50E+07
121,7.7,6.00E+06
102,5.4,3.50E+07
117,7.8,4.00E+07
154,7.7,1.40E+08
93,5.7,NA
107,5.8,2.00E+07
107,6.4,4.50E+07
112,7,1.30E+07
164,7.6,7.00E+06
92,5.8,4.00E+06
117,8.2,NA
106,6,9.00E+07
140,5.4,1.00E+07
83,5.2,3300000
110,5.8,7.80E+07
126,6.7,6.00E+07
108,4.4,2.00E+06
99,4.2,7.00E+07
110,6.6,1.80E+08
98,5,1.80E+07
129,5.9,7.50E+07
100,7.8,6.00E+07
114,6.4,NA
119,7.3,5.00E+07
90,6.4,8.00E+06
130,7.5,5.00E+07
89,7.1,9.00E+06
118,7.3,4.00E+07
73,8.5,4.50E+07
108,7.8,81200000
95,5.7,2.20E+07
130,6.7,3.00E+07
91,6.5,5.00E+05
94,5.3,1.70E+07
150,6.5,2.15E+08
121,6.7,6.50E+07
100,7.1,1.00E+07
178,7.8,1.00E+07
128,7.1,3.40E+07
113,6.4,8.20E+07
94,5.1,2.30E+07
171,8.8,9.30E+07
192,8.9,9.40E+07
172,8.7,9.40E+07
101,5.1,2500000
97,6.4,2.50E+07
106,5.4,4.00E+06
97,7.2,NA
144,6.7,9600000
97,4.8,NA
90,7,40000
101,8,1250000
129,6.5,7.30E+07
87,3.8,6.20E+07
99,7.4,NA
84,6.7,NA
135,6.7,6.50E+07
109,4.5,NA
101,6.5,2.50E+07
115,7,1.50E+07
94,7.7,5.00E+06
135,6.6,2.70E+07
98,4.5,6.00E+05
152,6.9,7.20E+07
83,5.5,3.30E+07
87,8,2.00E+05
102,7.3,3500000
116,7.3,7.50E+07
132,6.4,3.50E+07
94,6.6,2.00E+07
113,8.1,3200000
125,6.8,1.30E+07
107,5.4,1.50E+07
129,6.6,8.00E+07
92,4.7,2.00E+07
90,5.2,1950000
151,8.1,1.08E+08
114,6.9,1.80E+07
136,6.7,6.50E+07
105,4.7,3500000
144,7.1,3.20E+07
80,3.3,1.60E+07
96,6.8,1.00E+07
136,8.7,6.30E+07
138,7.2,1.50E+08
129,6.7,1.50E+08
113,6.8,3.40E+07
93,6.6,4.00E+07
108,5.2,4.10E+07
94,6.2,2.50E+07
131,7.1,1.80E+07
105,7.2,6500000
123,6.1,3.40E+07
103,6.1,1.50E+07
100,7.3,NA
100,6.4,1.00E+07
99,6.5,7.00E+06
122,6.5,4.20E+07
120,7.4,4.00E+06
95,6.2,1500000
126,7.2,1.80E+07
124,6.9,1.10E+07
118,6.1,7.00E+07
130,6,6.00E+07
75,6.8,NA
119,6.5,3.20E+07
94,7.2,8.00E+05
130,6.3,9.80E+07
112,5.2,1.45E+08
89,7.7,1.20E+07
95,7.7,NA
103,7.1,4.50E+07
97,5.6,1.50E+07
104,4.7,4.00E+07
NA,4.7,NA
122,7.6,NA
101,6.8,3.00E+07
140,7.3,5.00E+07
118,7,7.00E+06
114,5.8,2.20E+07
92,5.9,1.30E+07
150,6.7,3.00E+07
123,6,2.70E+07
99,4.7,2.50E+07
133,7.4,3.50E+07
81,5.9,4.00E+06
106,6.8,NA
133,6.7,3.80E+07
123,7.9,2.90E+07
108,6.3,1.50E+07
98,6.4,3.20E+07
149,7.6,3500000
85,5.8,4.20E+07
92,5.7,1.90E+07
95,5.6,5.40E+07
111,6,1.50E+07
105,6.6,2.50E+07
88,5.6,5.00E+06
100,3.5,7500000
107,7.6,2800000
85,5.9,4.90E+07
91,5.5,1.00E+07
97,4.5,3300000
102,5.1,3.80E+07
115,6.6,3.00E+06
115,6.7,3.50E+07
106,6.2,1.40E+07
116,6.7,1.00E+08
113,6.5,7.00E+06
109,6,4.00E+07
101,7.6,1.70E+07
90,5.3,4.00E+07
96,7.2,5.00E+05
114,7.2,1.00E+07
104,6.1,1.00E+07
95,5.5,5.60E+07
125,7.5,19400000
98,4.9,8.00E+06
120,7.1,3.00E+07
142,7.1,1.10E+08
124,5.9,5.00E+07
88,7.2,9.90E+07
141,6.5,4.50E+07
113,6.2,1.10E+07
118,7,12500000
93,6.8,5.00E+05
100,5.5,2.50E+07
96,4.5,5.00E+06
130,6.4,1.40E+08
102,8,1.30E+07
94,3.9,1.00E+06
100,4.9,4.50E+07
143,7.4,7.00E+07
150,8.5,3.50E+07
121,7.6,7.00E+06
93,5.6,6.50E+07
102,7.1,3700000
140,7.3,1.50E+07
104,5.6,4500000
124,6.8,4.50E+07
93,6.5,NA
100,6.6,1.65E+08
92,5.9,1.40E+07
177,6,8.00E+07
122,6.6,1.20E+07
130,8.5,4.00E+07
93,4.6,1.80E+07
99,7,7.00E+07
132,6.6,3.00E+07
97,7.1,1.05E+08
98,8.1,1.60E+07
111,6.2,3.70E+07
113,5.7,4.00E+07
101,7.8,NA
134,6.4,4.50E+07
103,5.6,6.00E+07
98,6.6,8.00E+06
108,6.7,4.00E+07
104,7.4,2.00E+06
111,7.1,2.00E+08
85,6.6,15000
140,6.5,3.30E+07
85,5.7,3.00E+06
103,6.5,9.00E+06
109,6.1,1.00E+07
100,5.7,1.20E+07
117,8,5.50E+07
94,7.3,9800000
107,6.4,3.20E+07
91,6.4,9.00E+05
101,7.1,3.00E+07
104,4.6,2.10E+07
116,7.1,1.80E+07
135,7.1,4.00E+07
110,6.4,2.60E+07
124,7.6,3.20E+07
96,2.7,8.00E+06
99,5.7,4.00E+07
130,7.7,1.00E+07
94,5.8,NA
110,5.7,4.00E+07
134,7.9,11500000
96,6.1,3.00E+07
118,6.5,5.00E+07
99,8,NA
108,7.3,4.00E+06
113,7.1,5.00E+06
156,8.1,1.35E+08
119,4.9,NA
193,7.9,2.70E+07
128,5.4,NA
110,5,2500000
114,6,3.70E+07
111,6.3,4.50E+07
111,7.3,2.50E+07
89,6.9,9.50E+07
135,6.8,5.00E+06
136,7.4,7.50E+07
102,6.2,1.50E+07
127,7,2.00E+07
91,4.8,1.60E+07
125,6.9,8500000
110,7.6,2.10E+07
83,5.9,2.40E+07
93,5.9,8.00E+06
110,6.7,4.00E+06
106,6.6,1.00E+07
104,6.7,8.50E+07
101,6.6,2.70E+07
116,6.2,6.80E+07
97,6.4,2.20E+07
104,5.5,6.00E+07
114,7.2,NA
135,5.1,5.00E+07
124,6.8,6.80E+07
100,5.5,6.00E+07
122,6.6,1.00E+07
110,7.3,1.10E+07
87,6.8,7.50E+07
114,7.3,9.00E+07
75,7.7,6500000
107,6.1,6.00E+07
95,7.2,1.00E+06
93,6,2.50E+07
98,4.4,5.00E+07
86,6.8,1.70E+07
142,9.3,2.50E+07
146,8.4,1.90E+07
111,6.8,3.50E+07
116,6.3,7.00E+07
97,6.1,4.00E+06
138,8.6,1.90E+07
87,7.4,7.50E+07
109,5.6,8.00E+06
104,6.3,1.00E+06
119,6.6,2.50E+07
119,6.2,NA
87,5.7,NA
107,8.1,4.00E+07
104,6.5,4.30E+07
93,6.8,NA
106,5.6,1.50E+07
112,6.1,5.00E+05
91,4.9,1100000
103,5.5,1.10E+08
105,5.4,1.05E+08
120,7.7,4.00E+07
117,6.7,6.00E+07
90,5.1,1.50E+07
109,6.1,1.50E+08
90,8.3,NA
174,8,8200000
110,7.3,1.00E+07
110,5.4,4.50E+07
82,6,1.00E+06
95,7.1,2500000
107,6.6,9.00E+07
103,4.8,6.00E+07
92,6,7.40E+07
87,7,3.00E+07
94,5.4,2.80E+07
123,7.1,1.40E+07
108,8.1,1500000
88,7.4,1500000
120,6.2,2.30E+07
89,7.7,5.00E+05
101,5.6,NA
93,5.2,9.00E+07
81,6.3,250000
129,8.3,5500000
95,5.9,5.00E+07
112,8,1.00E+07
124,6.4,6.80E+07
112,6.1,3.00E+06
112,7.7,5.00E+06
90,5.1,4.30E+07
101,6.1,1.90E+07
109,6.1,1.80E+07
106,6.4,1.00E+08
93,6.1,6.00E+07
139,7.3,4.00E+07
110,5.4,2.00E+07
96,5,5250000
128,7.3,6.00E+07
107,8.1,6500000
88,7.5,83532
101,5.5,4700000
83,5.9,1.60E+07
123,7.7,1.50E+07
215,7.6,5.20E+07
109,8.2,1.50E+07
100,7,1.60E+07
113,6.8,4.80E+07
110,5.8,7.50E+07
92,5.1,NA
77,6.3,3.00E+07
81,5.5,2100000
96,5.9,8.00E+07
107,7.1,3.90E+07
104,5.8,1500000
89,4.6,1500000
7,5.2,13000
103,6,1.00E+08
150,7.6,3.70E+07
91,6.2,475000
96,5.1,2300000
133,7.9,6700000
92,6.8,2.10E+07
96,5.1,2.50E+07
139,6.7,3.20E+07
99,7.2,1200000
103,8.1,6.00E+07
98,5.3,6.00E+07
115,5.5,1.20E+08
124,4.9,6.80E+07
130,4.6,5.00E+07
96,6.5,3.80E+07
114,7.4,NA
89,4.8,1.60E+07
119,7.9,2.50E+07
118,6.9,9.00E+06
106,8.6,6.00E+06
119,7.5,2160000
91,4.5,8495000
93,4.7,4.00E+06
100,5,4.00E+06
129,7.8,1.60E+07
108,6.5,6.00E+07
90,7.2,6.00E+06
86,4.6,3400000
94,6.2,5.00E+06
125,7.7,1.70E+07
104,6.8,3.00E+07
99,7,6.00E+06
123,7.4,3.50E+07
100,6.3,4.50E+07
93,4.6,4.00E+06
102,5.7,6.80E+07
97,5.3,3.30E+07
111,7.1,22500000
90,6.1,2.00E+07
107,7.6,5.00E+06
119,6.7,8500000
103,7.4,5.00E+06
102,6.6,2.20E+07
90,6.1,1.50E+07
103,5.2,3.50E+07
99,5.5,8.00E+06
135,6.7,1.60E+07
98,6.7,2.40E+07
98,5.5,4.00E+07
98,4,8.00E+06
84,4.6,1200000
144,8,6244087
85,5.2,2.50E+07
127,7.5,NA
92,6.8,3500000
118,5.2,2.40E+07
102,8.1,2800000
240,8.2,1.00E+08
119,5.8,1.50E+08
138,6.7,1.20E+08
88,7.3,1200000
95,6.4,1.70E+07
114,4.9,16500000
106,6.9,6.00E+06
102,7.1,6.00E+06
118,6.9,7500000
100,6.6,6500000
109,7,2.00E+07
127,7.9,2.50E+07
128,6.4,1.35E+08
93,5.9,2700000
109,7.9,6.00E+06
121,7,6.60E+07
108,5.9,3.00E+07
115,6.4,2.40E+07
102,6.8,15500000
105,7.1,3.30E+07
111,5.4,18500000
87,4.2,NA
100,7.3,3.50E+07
107,7.1,2.30E+07
102,5.9,3.60E+07
99,6.4,10500000
158,8.1,2.50E+07
89,4.8,1.70E+07
83,5.5,NA
93,7.3,4.00E+06
105,7.7,4.00E+05
115,6.8,7.00E+06
118,7.2,1.60E+07
122,6.6,1.20E+07
106,5.7,2.40E+07
93,5.7,8500000
91,5.5,2.00E+07
100,6.8,1500000
104,7.1,4500000
145,7.3,8.00E+07
117,6.1,1.30E+07
134,6.2,3.50E+07
101,7.7,1500000
83,6.6,42000
107,6.7,3.20E+07
103,6.6,19800000
103,6.3,6.50E+07
85,3.6,1.90E+07
115,7,1.50E+08
112,7.1,1.70E+08
101,5.1,2400000
114,7.1,4.80E+07
98,6.1,2.00E+07
96,6.6,4.00E+06
130,7,9.00E+06
95,4.2,5.70E+07
75,6.8,1.00E+05
93,5.3,3.00E+06
100,5.3,2600000
103,7,5.00E+06
95,5.6,825000
99,5.8,2.70E+07
116,5.6,8.00E+07
135,6.3,4.50E+07
127,7.1,2.00E+07
98,6.3,65000
94,6.6,7.50E+07
194,7.7,2.00E+08
87,6.3,3.40E+07
106,6.8,2.00E+07
129,8.4,2.00E+06
112,6.3,1.70E+07
121,6.8,1.00E+06
134,7.8,2.50E+07
95,5.3,1.10E+07
119,6.5,1.10E+08
130,6.5,1.90E+08
116,7.4,2.20E+07
102,6.5,1.20E+07
110,6.9,1.50E+07
81,7.8,609000
80,7.1,150000
127,6.3,4.00E+06
154,7.4,1.00E+07
160,7.5,2.50E+07
128,6.7,6.00E+06
84,4,4.00E+07
113,7.5,6.50E+07
106,8.1,NA
104,6.2,7.50E+07
104,4.4,9.00E+07
74,8.3,3.00E+07
82,7.9,9.00E+07
103,8.3,2.00E+08
102,6.5,6500000
120,7.5,1.20E+07
116,7.5,NA
190,7.6,4.80E+07
94,4.8,NA
122,7.7,4.50E+07
94,8.2,3500000
129,6.3,3.50E+07
101,7,2.00E+07
103,7.4,1.00E+06
119,6.3,1.00E+08
144,7.1,1.50E+08
165,5.7,2.10E+08
154,6.3,1.95E+08
150,6,2.00E+08
87,6.3,3.20E+07
111,6.7,1.50E+07
105,6.8,4.00E+06
114,7.2,NA
92,6.2,4700000
95,7.1,1.40E+08
95,7.2,1300000
86,7,375000
96,7.1,1.10E+07
99,6.9,1.20E+07
115,6.3,2.00E+07
94,5.2,NA
125,6.8,1.70E+08
105,5.5,1.80E+07
121,7,9.20E+07
111,6.8,NA
196,7.2,1.75E+08
90,6.7,2.00E+06
110,7.7,3.80E+07
141,7.2,1.15E+08
121,8,1.30E+07
106,7,9500000
103,5.7,9.00E+06
94,7.3,3.00E+06
90,6.7,1.50E+07
89,7.6,NA
102,6.7,312000
112,8,NA
96,6.5,1.35E+08
100,4.7,7.10E+07
102,5.4,3.00E+06
122,5.2,3.70E+07
101,6.5,1.00E+07
111,7.3,5.00E+05
107,6,1.50E+07
113,6.3,9.20E+07
88,4.8,7.00E+06
90,6.1,6.00E+06
84,5.6,1.00E+06
110,7.1,1.20E+07
96,7.2,8700000
101,6.1,6.00E+07
95,6.2,3209000
116,6.6,6.20E+07
85,8.4,NA
150,7,5.00E+06
113,7.1,2700000
76,5.7,NA
94,4.4,3.00E+07
90,5.1,2.60E+07
106,7.2,7.50E+07
137,7.2,6.50E+07
92,5.4,6.00E+07
98,5.4,2.00E+07
108,6.3,NA
113,6.7,1.80E+07
95,4.1,2.50E+07
86,5.8,2.50E+07
133,7,2.20E+07
88,6.4,7.00E+07
102,6.8,5.00E+07
92,6.6,3.50E+07
97,4.2,9.00E+06
94,6.1,2.00E+07
124,6.7,5.00E+07
91,5.4,3.50E+07
131,8.3,14400000
83,5.7,1.00E+06
111,7.6,1.50E+07
110,2,2.40E+07
83,4.1,2.40E+07
113,6.9,3.00E+07
103,7,4.50E+07
89,4,3.00E+06
98,6.8,1.00E+08
101,6.2,3.50E+07
96,8.3,1.75E+08
124,6.1,6.00E+07
108,7.4,2.50E+07
99,5.5,1.40E+07
97,4.1,1.40E+07
106,7,225000
132,8.2,5.40E+07
99,6.1,3.10E+07
96,4.7,1.00E+07
125,5.7,5.20E+07
76,5.6,3.50E+07
121,7.1,7.50E+07
100,4.5,2.00E+07
104,6.1,2.00E+07
82,3.5,2.00E+07
92,5.1,1.60E+07
141,6.9,6.80E+07
141,6.2,2.30E+07
90,6.6,4.00E+07
106,6.4,1.60E+07
192,7.9,7.00E+06
124,7,NA
125,7.7,1.10E+07
98,6.9,1.70E+07
103,6.5,9.00E+06
124,5.9,7.50E+07
100,6.3,1.00E+07
14,6.2,NA
96,7.2,15500000
110,6,4.00E+07
89,7.3,5952000
97,4.8,3.80E+07
106,5.5,3.00E+07
107,5.4,2.60E+07
104,5.4,9.00E+07
121,7.6,NA
129,6.4,25100000
97,7.1,1.50E+07
97,6.9,7.00E+06
84,7.6,4.00E+06
94,6.8,3.00E+06
108,7.1,2.00E+06
20,6.8,1500000
120,6.7,3.50E+07
153,7.9,2.80E+07
86,6.8,1.00E+06
86,6.2,5.60E+07
126,7.4,1.50E+07
136,6.3,7.00E+07
94,5.3,7.00E+05
98,5.6,NA
110,6.7,7.50E+07
103,6.3,2.50E+07
146,7.2,6.60E+07
116,6.5,1.32E+08
107,5.7,1.00E+07
123,7.3,1.60E+08
114,7.1,1.20E+07
103,6.2,7.00E+06
98,5.3,3.00E+06
98,6.9,3.50E+07
140,8.2,2.50E+07
101,4.6,3.50E+07
94,6.6,15300000
215,7.7,1.30E+08
117,7.8,NA
120,6.9,3.80E+07
134,7.3,2.50E+07
176,6.1,1.75E+08
94,7,2.00E+07
106,6,2.00E+07
118,7,3.70E+07
131,7.1,6.50E+07
96,6.1,2.00E+06
124,7.1,NA
112,7.5,7.00E+06
117,6.9,2.10E+07
124,7.1,7.50E+07
97,7.7,120000
86,6.4,1.20E+07
110,5.2,2.60E+07
88,7.5,8.00E+05
110,7,NA
80,7.1,2.00E+05
152,7.6,6.00E+06
101,7.6,6.00E+06
118,7.8,1.10E+07
118,7.2,NA
94,5.5,4.50E+07
117,6,2.00E+07
105,5.8,2.00E+07
113,7,8.50E+07
101,6.1,3.50E+07
104,5.7,2.50E+07
130,6.6,1.00E+08
87,5.6,5.00E+07
109,5.4,NA
110,5.7,4.00E+07
127,6.4,7.00E+07
94,5.5,1.50E+07
92,7.2,1.50E+07
87,5,1.50E+07
89,7.6,1.60E+07
115,6.7,1.50E+07
86,5.4,NA
120,6.8,1.50E+07
107,6.5,2.50E+07
101,6.8,1.00E+08
97,6.3,1.00E+07
111,6.9,1.50E+07
107,8.5,3300000
82,4.4,3.00E+06
109,5.4,3.70E+07
107,6.7,1.40E+07
131,6.4,1.50E+08
101,5.5,1.00E+07
99,5.7,1.00E+07
109,7.2,1.60E+07
129,6.6,3.80E+07
101,5.5,3.50E+07
93,2,7.00E+06
92,7.7,1.00E+06
121,4.4,2.00E+07
113,5.6,1.50E+07
92,5.4,3500000
114,7,3.00E+07
115,7.1,1.50E+07
92,5.6,3.00E+07
100,5.9,NA
98,6.9,8.00E+06
115,6.5,2.00E+07
106,4.8,1.70E+08
100,6.2,2.20E+07
89,7.8,3.00E+06
98,6.3,3.10E+07
95,5.6,2.40E+07
153,6,1.15E+08
100,4.1,3.00E+07
104,6,1.50E+07
63,7.3,3.00E+07
100,7.2,2.00E+06
118,6.2,6.00E+07
98,6.4,3500000
106,6.7,6.00E+06
98,5.7,2.00E+06
95,5.9,1.90E+07
117,7.2,2.50E+07
87,3.2,4700000
97,3.1,7500000
112,7.4,1.20E+07
125,6.2,7.00E+07
91,5.3,1.80E+07
109,7.3,1.10E+07
92,5.3,8.00E+06
94,6.9,NA
111,6.4,3660000
121,6.4,NA
107,7.4,5.50E+07
104,6.6,5.00E+06
84,3.8,1.30E+07
215,8.1,6.00E+05
94,7.4,NA
99,6.9,NA
129,6,6.30E+07
123,7,1.90E+08
99,5.8,1.50E+08
101,7.8,1.65E+08
88,7.4,1.00E+06
84,6.1,12600000
212,6.6,6.30E+07
104,7.4,7.50E+07
119,6.7,1.50E+08
144,7.3,1.78E+08
149,8,2.00E+08
132,7.8,1.60E+08
104,6.8,2.10E+08
132,5.8,7.00E+07
101,4.3,8.70E+07
100,4.9,6.00E+07
160,6.9,NA
132,6.6,1.20E+07
100,6.9,1.00E+06
104,6.8,7.00E+07
89,5.4,2500000
88,4.8,5.00E+06
80,4.6,8.00E+07
119,6.5,6.50E+07
105,5.8,2.00E+07
111,7.7,1200000
113,5.5,9.00E+07
95,3.5,8.00E+06
93,6.5,4.00E+06
117,6.9,9500000
98,6.3,2.20E+07
110,5.6,5.40E+07
94,6.3,1.20E+07
106,8,2800000
107,6.8,1.30E+07
109,6.8,1.80E+07
102,5.6,49900000
90,6.7,125000
111,7.2,2500000
90,6.5,1.80E+07
101,6.6,2.40E+07
83,5.8,2.00E+07
101,6.1,6.50E+07
157,7.4,4.00E+07
116,7,5.00E+06
103,5.7,4500000
89,5.1,5.00E+05
162,7.7,6.50E+07
88,7.7,23600000
102,5.2,8.00E+07
90,6.6,2.80E+07
102,4.8,5.00E+07
83,4.2,3.50E+07
110,6.7,1.60E+07
